TimeIndex,chargerAccessType,Hour,Sample_session_starts,Fullscale_avg_daily_session_starts,Scenario,Season
1,home,0.0,813.0,2032.5,noVIPV,SPRING
1,work,0.0,1.0,2.5,noVIPV,SPRING
1,public,0.0,154.0,385.0,noVIPV,SPRING
2,home,0.5,603.0,1507.5,noVIPV,SPRING
2,work,0.5,1.0,2.5,noVIPV,SPRING
2,public,0.5,119.0,297.5,noVIPV,SPRING
3,home,1.0,256.0,640.0,noVIPV,SPRING
3,work,1.0,0.0,0.0,noVIPV,SPRING
3,public,1.0,52.0,130.0,noVIPV,SPRING
4,home,1.5,91.0,227.5,noVIPV,SPRING
4,work,1.5,0.0,0.0,noVIPV,SPRING
4,public,1.5,25.0,62.5,noVIPV,SPRING
5,home,2.0,36.0,90.0,noVIPV,SPRING
5,work,2.0,0.0,0.0,noVIPV,SPRING
5,public,2.0,8.0,20.0,noVIPV,SPRING
6,home,2.5,8.0,20.0,noVIPV,SPRING
6,work,2.5,0.0,0.0,noVIPV,SPRING
6,public,2.5,0.0,0.0,noVIPV,SPRING
7,home,3.0,2.0,5.0,noVIPV,SPRING
7,work,3.0,0.0,0.0,noVIPV,SPRING
7,public,3.0,0.0,0.0,noVIPV,SPRING
8,home,3.5,0.0,0.0,noVIPV,SPRING
8,work,3.5,0.0,0.0,noVIPV,SPRING
8,public,3.5,0.0,0.0,noVIPV,SPRING
9,home,4.0,0.0,0.0,noVIPV,SPRING
9,work,4.0,4.0,10.0,noVIPV,SPRING
9,public,4.0,5.0,12.5,noVIPV,SPRING
10,home,4.5,0.0,0.0,noVIPV,SPRING
10,work,4.5,17.0,42.5,noVIPV,SPRING
10,public,4.5,6.0,15.0,noVIPV,SPRING
11,home,5.0,3.0,7.5,noVIPV,SPRING
11,work,5.0,39.0,97.5,noVIPV,SPRING
11,public,5.0,18.0,45.0,noVIPV,SPRING
12,home,5.5,3.0,7.5,noVIPV,SPRING
12,work,5.5,58.0,145.0,noVIPV,SPRING
12,public,5.5,27.0,67.5,noVIPV,SPRING
13,home,6.0,3.0,7.5,noVIPV,SPRING
13,work,6.0,130.0,325.0,noVIPV,SPRING
13,public,6.0,86.0,215.0,noVIPV,SPRING
14,home,6.5,4.0,10.0,noVIPV,SPRING
14,work,6.5,175.0,437.5,noVIPV,SPRING
14,public,6.5,97.0,242.5,noVIPV,SPRING
15,home,7.0,9.0,22.5,noVIPV,SPRING
15,work,7.0,321.0,802.5,noVIPV,SPRING
15,public,7.0,215.0,537.5,noVIPV,SPRING
16,home,7.5,11.0,27.5,noVIPV,SPRING
16,work,7.5,396.0,990.0,noVIPV,SPRING
16,public,7.5,246.0,615.0,noVIPV,SPRING
17,home,8.0,16.0,40.0,noVIPV,SPRING
17,work,8.0,235.0,587.5,noVIPV,SPRING
17,public,8.0,222.0,555.0,noVIPV,SPRING
18,home,8.5,34.0,85.0,noVIPV,SPRING
18,work,8.5,152.0,380.0,noVIPV,SPRING
18,public,8.5,186.0,465.0,noVIPV,SPRING
19,home,9.0,52.0,130.0,noVIPV,SPRING
19,work,9.0,70.0,175.0,noVIPV,SPRING
19,public,9.0,175.0,437.5,noVIPV,SPRING
20,home,9.5,90.0,225.0,noVIPV,SPRING
20,work,9.5,54.0,135.0,noVIPV,SPRING
20,public,9.5,175.0,437.5,noVIPV,SPRING
21,home,10.0,109.0,272.5,noVIPV,SPRING
21,work,10.0,39.0,97.5,noVIPV,SPRING
21,public,10.0,203.0,507.5,noVIPV,SPRING
22,home,10.5,117.0,292.5,noVIPV,SPRING
22,work,10.5,42.0,105.0,noVIPV,SPRING
22,public,10.5,223.0,557.5,noVIPV,SPRING
23,home,11.0,197.0,492.5,noVIPV,SPRING
23,work,11.0,28.0,70.0,noVIPV,SPRING
23,public,11.0,233.0,582.5,noVIPV,SPRING
24,home,11.5,204.0,510.0,noVIPV,SPRING
24,work,11.5,29.0,72.5,noVIPV,SPRING
24,public,11.5,250.0,625.0,noVIPV,SPRING
25,home,12.0,280.0,700.0,noVIPV,SPRING
25,work,12.0,58.0,145.0,noVIPV,SPRING
25,public,12.0,264.0,660.0,noVIPV,SPRING
26,home,12.5,256.0,640.0,noVIPV,SPRING
26,work,12.5,64.0,160.0,noVIPV,SPRING
26,public,12.5,270.0,675.0,noVIPV,SPRING
27,home,13.0,249.0,622.5,noVIPV,SPRING
27,work,13.0,38.0,95.0,noVIPV,SPRING
27,public,13.0,255.0,637.5,noVIPV,SPRING
28,home,13.5,294.0,735.0,noVIPV,SPRING
28,work,13.5,24.0,60.0,noVIPV,SPRING
28,public,13.5,252.0,630.0,noVIPV,SPRING
29,home,14.0,367.0,917.5,noVIPV,SPRING
29,work,14.0,28.0,70.0,noVIPV,SPRING
29,public,14.0,271.0,677.5,noVIPV,SPRING
30,home,14.5,370.0,925.0,noVIPV,SPRING
30,work,14.5,12.0,30.0,noVIPV,SPRING
30,public,14.5,208.0,520.0,noVIPV,SPRING
31,home,15.0,381.0,952.5,noVIPV,SPRING
31,work,15.0,3.0,7.5,noVIPV,SPRING
31,public,15.0,218.0,545.0,noVIPV,SPRING
32,home,15.5,481.0,1202.5,noVIPV,SPRING
32,work,15.5,7.0,17.5,noVIPV,SPRING
32,public,15.5,242.0,605.0,noVIPV,SPRING
33,home,16.0,480.0,1200.0,noVIPV,SPRING
33,work,16.0,10.0,25.0,noVIPV,SPRING
33,public,16.0,246.0,615.0,noVIPV,SPRING
34,home,16.5,550.0,1375.0,noVIPV,SPRING
34,work,16.5,5.0,12.5,noVIPV,SPRING
34,public,16.5,239.0,597.5,noVIPV,SPRING
35,home,17.0,488.0,1220.0,noVIPV,SPRING
35,work,17.0,1.0,2.5,noVIPV,SPRING
35,public,17.0,212.0,530.0,noVIPV,SPRING
36,home,17.5,432.0,1080.0,noVIPV,SPRING
36,work,17.5,1.0,2.5,noVIPV,SPRING
36,public,17.5,192.0,480.0,noVIPV,SPRING
37,home,18.0,415.0,1037.5,noVIPV,SPRING
37,work,18.0,2.0,5.0,noVIPV,SPRING
37,public,18.0,158.0,395.0,noVIPV,SPRING
38,home,18.5,280.0,700.0,noVIPV,SPRING
38,work,18.5,1.0,2.5,noVIPV,SPRING
38,public,18.5,119.0,297.5,noVIPV,SPRING
39,home,19.0,231.0,577.5,noVIPV,SPRING
39,work,19.0,1.0,2.5,noVIPV,SPRING
39,public,19.0,77.0,192.5,noVIPV,SPRING
40,home,19.5,215.0,537.5,noVIPV,SPRING
40,work,19.5,3.0,7.5,noVIPV,SPRING
40,public,19.5,85.0,212.5,noVIPV,SPRING
41,home,20.0,155.0,387.5,noVIPV,SPRING
41,work,20.0,0.0,0.0,noVIPV,SPRING
41,public,20.0,54.0,135.0,noVIPV,SPRING
42,home,20.5,130.0,325.0,noVIPV,SPRING
42,work,20.5,0.0,0.0,noVIPV,SPRING
42,public,20.5,48.0,120.0,noVIPV,SPRING
43,home,21.0,113.0,282.5,noVIPV,SPRING
43,work,21.0,2.0,5.0,noVIPV,SPRING
43,public,21.0,26.0,65.0,noVIPV,SPRING
44,home,21.5,97.0,242.5,noVIPV,SPRING
44,work,21.5,1.0,2.5,noVIPV,SPRING
44,public,21.5,16.0,40.0,noVIPV,SPRING
45,home,22.0,100.0,250.0,noVIPV,SPRING
45,work,22.0,0.0,0.0,noVIPV,SPRING
45,public,22.0,10.0,25.0,noVIPV,SPRING
46,home,22.5,66.0,165.0,noVIPV,SPRING
46,work,22.5,0.0,0.0,noVIPV,SPRING
46,public,22.5,5.0,12.5,noVIPV,SPRING
47,home,23.0,76.0,190.0,noVIPV,SPRING
47,work,23.0,0.0,0.0,noVIPV,SPRING
47,public,23.0,7.0,17.5,noVIPV,SPRING
48,home,23.5,63.0,157.5,noVIPV,SPRING
48,work,23.5,0.0,0.0,noVIPV,SPRING
48,public,23.5,4.0,10.0,noVIPV,SPRING
1,home,0.0,204.0,510.0,noVIPV,SUMMER
1,work,0.0,0.0,0.0,noVIPV,SUMMER
1,public,0.0,41.0,102.5,noVIPV,SUMMER
2,home,0.5,91.0,227.5,noVIPV,SUMMER
2,work,0.5,0.0,0.0,noVIPV,SUMMER
2,public,0.5,25.0,62.5,noVIPV,SUMMER
3,home,1.0,39.0,97.5,noVIPV,SUMMER
3,work,1.0,0.0,0.0,noVIPV,SUMMER
3,public,1.0,10.0,25.0,noVIPV,SUMMER
4,home,1.5,16.0,40.0,noVIPV,SUMMER
4,work,1.5,0.0,0.0,noVIPV,SUMMER
4,public,1.5,1.0,2.5,noVIPV,SUMMER
5,home,2.0,6.0,15.0,noVIPV,SUMMER
5,work,2.0,0.0,0.0,noVIPV,SUMMER
5,public,2.0,1.0,2.5,noVIPV,SUMMER
6,home,2.5,1.0,2.5,noVIPV,SUMMER
6,work,2.5,0.0,0.0,noVIPV,SUMMER
6,public,2.5,0.0,0.0,noVIPV,SUMMER
7,home,3.0,0.0,0.0,noVIPV,SUMMER
7,work,3.0,0.0,0.0,noVIPV,SUMMER
7,public,3.0,0.0,0.0,noVIPV,SUMMER
8,home,3.5,0.0,0.0,noVIPV,SUMMER
8,work,3.5,0.0,0.0,noVIPV,SUMMER
8,public,3.5,0.0,0.0,noVIPV,SUMMER
9,home,4.0,0.0,0.0,noVIPV,SUMMER
9,work,4.0,4.0,10.0,noVIPV,SUMMER
9,public,4.0,4.0,10.0,noVIPV,SUMMER
10,home,4.5,0.0,0.0,noVIPV,SUMMER
10,work,4.5,12.0,30.0,noVIPV,SUMMER
10,public,4.5,5.0,12.5,noVIPV,SUMMER
11,home,5.0,5.0,12.5,noVIPV,SUMMER
11,work,5.0,47.0,117.5,noVIPV,SUMMER
11,public,5.0,11.0,27.5,noVIPV,SUMMER
12,home,5.5,5.0,12.5,noVIPV,SUMMER
12,work,5.5,68.0,170.0,noVIPV,SUMMER
12,public,5.5,30.0,75.0,noVIPV,SUMMER
13,home,6.0,1.0,2.5,noVIPV,SUMMER
13,work,6.0,140.0,350.0,noVIPV,SUMMER
13,public,6.0,96.0,240.0,noVIPV,SUMMER
14,home,6.5,4.0,10.0,noVIPV,SUMMER
14,work,6.5,182.0,455.0,noVIPV,SUMMER
14,public,6.5,103.0,257.5,noVIPV,SUMMER
15,home,7.0,8.0,20.0,noVIPV,SUMMER
15,work,7.0,307.0,767.5,noVIPV,SUMMER
15,public,7.0,201.0,502.5,noVIPV,SUMMER
16,home,7.5,15.0,37.5,noVIPV,SUMMER
16,work,7.5,340.0,850.0,noVIPV,SUMMER
16,public,7.5,269.0,672.5,noVIPV,SUMMER
17,home,8.0,25.0,62.5,noVIPV,SUMMER
17,work,8.0,228.0,570.0,noVIPV,SUMMER
17,public,8.0,217.0,542.5,noVIPV,SUMMER
18,home,8.5,38.0,95.0,noVIPV,SUMMER
18,work,8.5,131.0,327.5,noVIPV,SUMMER
18,public,8.5,187.0,467.5,noVIPV,SUMMER
19,home,9.0,71.0,177.5,noVIPV,SUMMER
19,work,9.0,73.0,182.5,noVIPV,SUMMER
19,public,9.0,165.0,412.5,noVIPV,SUMMER
20,home,9.5,96.0,240.0,noVIPV,SUMMER
20,work,9.5,42.0,105.0,noVIPV,SUMMER
20,public,9.5,192.0,480.0,noVIPV,SUMMER
21,home,10.0,132.0,330.0,noVIPV,SUMMER
21,work,10.0,45.0,112.5,noVIPV,SUMMER
21,public,10.0,210.0,525.0,noVIPV,SUMMER
22,home,10.5,132.0,330.0,noVIPV,SUMMER
22,work,10.5,47.0,117.5,noVIPV,SUMMER
22,public,10.5,207.0,517.5,noVIPV,SUMMER
23,home,11.0,207.0,517.5,noVIPV,SUMMER
23,work,11.0,22.0,55.0,noVIPV,SUMMER
23,public,11.0,235.0,587.5,noVIPV,SUMMER
24,home,11.5,224.0,560.0,noVIPV,SUMMER
24,work,11.5,41.0,102.5,noVIPV,SUMMER
24,public,11.5,264.0,660.0,noVIPV,SUMMER
25,home,12.0,241.0,602.5,noVIPV,SUMMER
25,work,12.0,45.0,112.5,noVIPV,SUMMER
25,public,12.0,294.0,735.0,noVIPV,SUMMER
26,home,12.5,257.0,642.5,noVIPV,SUMMER
26,work,12.5,60.0,150.0,noVIPV,SUMMER
26,public,12.5,247.0,617.5,noVIPV,SUMMER
27,home,13.0,245.0,612.5,noVIPV,SUMMER
27,work,13.0,43.0,107.5,noVIPV,SUMMER
27,public,13.0,225.0,562.5,noVIPV,SUMMER
28,home,13.5,296.0,740.0,noVIPV,SUMMER
28,work,13.5,25.0,62.5,noVIPV,SUMMER
28,public,13.5,225.0,562.5,noVIPV,SUMMER
29,home,14.0,350.0,875.0,noVIPV,SUMMER
29,work,14.0,28.0,70.0,noVIPV,SUMMER
29,public,14.0,246.0,615.0,noVIPV,SUMMER
30,home,14.5,317.0,792.5,noVIPV,SUMMER
30,work,14.5,17.0,42.5,noVIPV,SUMMER
30,public,14.5,195.0,487.5,noVIPV,SUMMER
31,home,15.0,376.0,940.0,noVIPV,SUMMER
31,work,15.0,8.0,20.0,noVIPV,SUMMER
31,public,15.0,213.0,532.5,noVIPV,SUMMER
32,home,15.5,477.0,1192.5,noVIPV,SUMMER
32,work,15.5,10.0,25.0,noVIPV,SUMMER
32,public,15.5,233.0,582.5,noVIPV,SUMMER
33,home,16.0,539.0,1347.5,noVIPV,SUMMER
33,work,16.0,6.0,15.0,noVIPV,SUMMER
33,public,16.0,255.0,637.5,noVIPV,SUMMER
34,home,16.5,566.0,1415.0,noVIPV,SUMMER
34,work,16.5,3.0,7.5,noVIPV,SUMMER
34,public,16.5,248.0,620.0,noVIPV,SUMMER
35,home,17.0,509.0,1272.5,noVIPV,SUMMER
35,work,17.0,5.0,12.5,noVIPV,SUMMER
35,public,17.0,234.0,585.0,noVIPV,SUMMER
36,home,17.5,464.0,1160.0,noVIPV,SUMMER
36,work,17.5,3.0,7.5,noVIPV,SUMMER
36,public,17.5,181.0,452.5,noVIPV,SUMMER
37,home,18.0,453.0,1132.5,noVIPV,SUMMER
37,work,18.0,4.0,10.0,noVIPV,SUMMER
37,public,18.0,158.0,395.0,noVIPV,SUMMER
38,home,18.5,303.0,757.5,noVIPV,SUMMER
38,work,18.5,0.0,0.0,noVIPV,SUMMER
38,public,18.5,111.0,277.5,noVIPV,SUMMER
39,home,19.0,243.0,607.5,noVIPV,SUMMER
39,work,19.0,5.0,12.5,noVIPV,SUMMER
39,public,19.0,94.0,235.0,noVIPV,SUMMER
40,home,19.5,237.0,592.5,noVIPV,SUMMER
40,work,19.5,3.0,7.5,noVIPV,SUMMER
40,public,19.5,86.0,215.0,noVIPV,SUMMER
41,home,20.0,167.0,417.5,noVIPV,SUMMER
41,work,20.0,0.0,0.0,noVIPV,SUMMER
41,public,20.0,46.0,115.0,noVIPV,SUMMER
42,home,20.5,129.0,322.5,noVIPV,SUMMER
42,work,20.5,0.0,0.0,noVIPV,SUMMER
42,public,20.5,44.0,110.0,noVIPV,SUMMER
43,home,21.0,111.0,277.5,noVIPV,SUMMER
43,work,21.0,2.0,5.0,noVIPV,SUMMER
43,public,21.0,36.0,90.0,noVIPV,SUMMER
44,home,21.5,102.0,255.0,noVIPV,SUMMER
44,work,21.5,0.0,0.0,noVIPV,SUMMER
44,public,21.5,21.0,52.5,noVIPV,SUMMER
45,home,22.0,535.0,1337.5,noVIPV,SUMMER
45,work,22.0,0.0,0.0,noVIPV,SUMMER
45,public,22.0,63.0,157.5,noVIPV,SUMMER
46,home,22.5,596.0,1490.0,noVIPV,SUMMER
46,work,22.5,0.0,0.0,noVIPV,SUMMER
46,public,22.5,108.0,270.0,noVIPV,SUMMER
47,home,23.0,511.0,1277.5,noVIPV,SUMMER
47,work,23.0,0.0,0.0,noVIPV,SUMMER
47,public,23.0,99.0,247.5,noVIPV,SUMMER
48,home,23.5,397.0,992.5,noVIPV,SUMMER
48,work,23.5,0.0,0.0,noVIPV,SUMMER
48,public,23.5,68.0,170.0,noVIPV,SUMMER
1,home,0.0,796.0,1990.0,noVIPV,AUTUMN
1,work,0.0,1.0,2.5,noVIPV,AUTUMN
1,public,0.0,158.0,395.0,noVIPV,AUTUMN
2,home,0.5,623.0,1557.5,noVIPV,AUTUMN
2,work,0.5,0.0,0.0,noVIPV,AUTUMN
2,public,0.5,119.0,297.5,noVIPV,AUTUMN
3,home,1.0,261.0,652.5,noVIPV,AUTUMN
3,work,1.0,0.0,0.0,noVIPV,AUTUMN
3,public,1.0,58.0,145.0,noVIPV,AUTUMN
4,home,1.5,103.0,257.5,noVIPV,AUTUMN
4,work,1.5,0.0,0.0,noVIPV,AUTUMN
4,public,1.5,23.0,57.5,noVIPV,AUTUMN
5,home,2.0,30.0,75.0,noVIPV,AUTUMN
5,work,2.0,0.0,0.0,noVIPV,AUTUMN
5,public,2.0,7.0,17.5,noVIPV,AUTUMN
6,home,2.5,8.0,20.0,noVIPV,AUTUMN
6,work,2.5,0.0,0.0,noVIPV,AUTUMN
6,public,2.5,3.0,7.5,noVIPV,AUTUMN
7,home,3.0,2.0,5.0,noVIPV,AUTUMN
7,work,3.0,0.0,0.0,noVIPV,AUTUMN
7,public,3.0,0.0,0.0,noVIPV,AUTUMN
8,home,3.5,0.0,0.0,noVIPV,AUTUMN
8,work,3.5,0.0,0.0,noVIPV,AUTUMN
8,public,3.5,0.0,0.0,noVIPV,AUTUMN
9,home,4.0,0.0,0.0,noVIPV,AUTUMN
9,work,4.0,6.0,15.0,noVIPV,AUTUMN
9,public,4.0,2.0,5.0,noVIPV,AUTUMN
10,home,4.5,0.0,0.0,noVIPV,AUTUMN
10,work,4.5,11.0,27.5,noVIPV,AUTUMN
10,public,4.5,5.0,12.5,noVIPV,AUTUMN
11,home,5.0,4.0,10.0,noVIPV,AUTUMN
11,work,5.0,47.0,117.5,noVIPV,AUTUMN
11,public,5.0,21.0,52.5,noVIPV,AUTUMN
12,home,5.5,5.0,12.5,noVIPV,AUTUMN
12,work,5.5,51.0,127.5,noVIPV,AUTUMN
12,public,5.5,25.0,62.5,noVIPV,AUTUMN
13,home,6.0,2.0,5.0,noVIPV,AUTUMN
13,work,6.0,106.0,265.0,noVIPV,AUTUMN
13,public,6.0,83.0,207.5,noVIPV,AUTUMN
14,home,6.5,4.0,10.0,noVIPV,AUTUMN
14,work,6.5,181.0,452.5,noVIPV,AUTUMN
14,public,6.5,97.0,242.5,noVIPV,AUTUMN
15,home,7.0,10.0,25.0,noVIPV,AUTUMN
15,work,7.0,309.0,772.5,noVIPV,AUTUMN
15,public,7.0,207.0,517.5,noVIPV,AUTUMN
16,home,7.5,11.0,27.5,noVIPV,AUTUMN
16,work,7.5,361.0,902.5,noVIPV,AUTUMN
16,public,7.5,235.0,587.5,noVIPV,AUTUMN
17,home,8.0,17.0,42.5,noVIPV,AUTUMN
17,work,8.0,195.0,487.5,noVIPV,AUTUMN
17,public,8.0,215.0,537.5,noVIPV,AUTUMN
18,home,8.5,39.0,97.5,noVIPV,AUTUMN
18,work,8.5,122.0,305.0,noVIPV,AUTUMN
18,public,8.5,172.0,430.0,noVIPV,AUTUMN
19,home,9.0,61.0,152.5,noVIPV,AUTUMN
19,work,9.0,67.0,167.5,noVIPV,AUTUMN
19,public,9.0,168.0,420.0,noVIPV,AUTUMN
20,home,9.5,79.0,197.5,noVIPV,AUTUMN
20,work,9.5,43.0,107.5,noVIPV,AUTUMN
20,public,9.5,171.0,427.5,noVIPV,AUTUMN
21,home,10.0,107.0,267.5,noVIPV,AUTUMN
21,work,10.0,40.0,100.0,noVIPV,AUTUMN
21,public,10.0,177.0,442.5,noVIPV,AUTUMN
22,home,10.5,112.0,280.0,noVIPV,AUTUMN
22,work,10.5,37.0,92.5,noVIPV,AUTUMN
22,public,10.5,220.0,550.0,noVIPV,AUTUMN
23,home,11.0,192.0,480.0,noVIPV,AUTUMN
23,work,11.0,25.0,62.5,noVIPV,AUTUMN
23,public,11.0,221.0,552.5,noVIPV,AUTUMN
24,home,11.5,209.0,522.5,noVIPV,AUTUMN
24,work,11.5,42.0,105.0,noVIPV,AUTUMN
24,public,11.5,275.0,687.5,noVIPV,AUTUMN
25,home,12.0,260.0,650.0,noVIPV,AUTUMN
25,work,12.0,43.0,107.5,noVIPV,AUTUMN
25,public,12.0,239.0,597.5,noVIPV,AUTUMN
26,home,12.5,242.0,605.0,noVIPV,AUTUMN
26,work,12.5,45.0,112.5,noVIPV,AUTUMN
26,public,12.5,249.0,622.5,noVIPV,AUTUMN
27,home,13.0,262.0,655.0,noVIPV,AUTUMN
27,work,13.0,43.0,107.5,noVIPV,AUTUMN
27,public,13.0,229.0,572.5,noVIPV,AUTUMN
28,home,13.5,260.0,650.0,noVIPV,AUTUMN
28,work,13.5,26.0,65.0,noVIPV,AUTUMN
28,public,13.5,226.0,565.0,noVIPV,AUTUMN
29,home,14.0,329.0,822.5,noVIPV,AUTUMN
29,work,14.0,29.0,72.5,noVIPV,AUTUMN
29,public,14.0,229.0,572.5,noVIPV,AUTUMN
30,home,14.5,297.0,742.5,noVIPV,AUTUMN
30,work,14.5,17.0,42.5,noVIPV,AUTUMN
30,public,14.5,209.0,522.5,noVIPV,AUTUMN
31,home,15.0,346.0,865.0,noVIPV,AUTUMN
31,work,15.0,9.0,22.5,noVIPV,AUTUMN
31,public,15.0,193.0,482.5,noVIPV,AUTUMN
32,home,15.5,418.0,1045.0,noVIPV,AUTUMN
32,work,15.5,1.0,2.5,noVIPV,AUTUMN
32,public,15.5,219.0,547.5,noVIPV,AUTUMN
33,home,16.0,493.0,1232.5,noVIPV,AUTUMN
33,work,16.0,10.0,25.0,noVIPV,AUTUMN
33,public,16.0,240.0,600.0,noVIPV,AUTUMN
34,home,16.5,592.0,1480.0,noVIPV,AUTUMN
34,work,16.5,5.0,12.5,noVIPV,AUTUMN
34,public,16.5,262.0,655.0,noVIPV,AUTUMN
35,home,17.0,550.0,1375.0,noVIPV,AUTUMN
35,work,17.0,3.0,7.5,noVIPV,AUTUMN
35,public,17.0,220.0,550.0,noVIPV,AUTUMN
36,home,17.5,479.0,1197.5,noVIPV,AUTUMN
36,work,17.5,3.0,7.5,noVIPV,AUTUMN
36,public,17.5,207.0,517.5,noVIPV,AUTUMN
37,home,18.0,485.0,1212.5,noVIPV,AUTUMN
37,work,18.0,4.0,10.0,noVIPV,AUTUMN
37,public,18.0,177.0,442.5,noVIPV,AUTUMN
38,home,18.5,315.0,787.5,noVIPV,AUTUMN
38,work,18.5,1.0,2.5,noVIPV,AUTUMN
38,public,18.5,152.0,380.0,noVIPV,AUTUMN
39,home,19.0,269.0,672.5,noVIPV,AUTUMN
39,work,19.0,3.0,7.5,noVIPV,AUTUMN
39,public,19.0,103.0,257.5,noVIPV,AUTUMN
40,home,19.5,243.0,607.5,noVIPV,AUTUMN
40,work,19.5,0.0,0.0,noVIPV,AUTUMN
40,public,19.5,82.0,205.0,noVIPV,AUTUMN
41,home,20.0,162.0,405.0,noVIPV,AUTUMN
41,work,20.0,0.0,0.0,noVIPV,AUTUMN
41,public,20.0,54.0,135.0,noVIPV,AUTUMN
42,home,20.5,146.0,365.0,noVIPV,AUTUMN
42,work,20.5,0.0,0.0,noVIPV,AUTUMN
42,public,20.5,42.0,105.0,noVIPV,AUTUMN
43,home,21.0,123.0,307.5,noVIPV,AUTUMN
43,work,21.0,0.0,0.0,noVIPV,AUTUMN
43,public,21.0,34.0,85.0,noVIPV,AUTUMN
44,home,21.5,109.0,272.5,noVIPV,AUTUMN
44,work,21.5,1.0,2.5,noVIPV,AUTUMN
44,public,21.5,17.0,42.5,noVIPV,AUTUMN
45,home,22.0,115.0,287.5,noVIPV,AUTUMN
45,work,22.0,0.0,0.0,noVIPV,AUTUMN
45,public,22.0,13.0,32.5,noVIPV,AUTUMN
46,home,22.5,62.0,155.0,noVIPV,AUTUMN
46,work,22.5,0.0,0.0,noVIPV,AUTUMN
46,public,22.5,8.0,20.0,noVIPV,AUTUMN
47,home,23.0,78.0,195.0,noVIPV,AUTUMN
47,work,23.0,0.0,0.0,noVIPV,AUTUMN
47,public,23.0,4.0,10.0,noVIPV,AUTUMN
48,home,23.5,69.0,172.5,noVIPV,AUTUMN
48,work,23.5,0.0,0.0,noVIPV,AUTUMN
48,public,23.5,3.0,7.5,noVIPV,AUTUMN
1,home,0.0,224.0,560.0,noVIPV,WINTER
1,work,0.0,1.0,2.5,noVIPV,WINTER
1,public,0.0,39.0,97.5,noVIPV,WINTER
2,home,0.5,113.0,282.5,noVIPV,WINTER
2,work,0.5,0.0,0.0,noVIPV,WINTER
2,public,0.5,24.0,60.0,noVIPV,WINTER
3,home,1.0,48.0,120.0,noVIPV,WINTER
3,work,1.0,0.0,0.0,noVIPV,WINTER
3,public,1.0,10.0,25.0,noVIPV,WINTER
4,home,1.5,17.0,42.5,noVIPV,WINTER
4,work,1.5,0.0,0.0,noVIPV,WINTER
4,public,1.5,7.0,17.5,noVIPV,WINTER
5,home,2.0,6.0,15.0,noVIPV,WINTER
5,work,2.0,0.0,0.0,noVIPV,WINTER
5,public,2.0,2.0,5.0,noVIPV,WINTER
6,home,2.5,0.0,0.0,noVIPV,WINTER
6,work,2.5,0.0,0.0,noVIPV,WINTER
6,public,2.5,0.0,0.0,noVIPV,WINTER
7,home,3.0,1.0,2.5,noVIPV,WINTER
7,work,3.0,0.0,0.0,noVIPV,WINTER
7,public,3.0,0.0,0.0,noVIPV,WINTER
8,home,3.5,0.0,0.0,noVIPV,WINTER
8,work,3.5,0.0,0.0,noVIPV,WINTER
8,public,3.5,0.0,0.0,noVIPV,WINTER
9,home,4.0,0.0,0.0,noVIPV,WINTER
9,work,4.0,5.0,12.5,noVIPV,WINTER
9,public,4.0,3.0,7.5,noVIPV,WINTER
10,home,4.5,0.0,0.0,noVIPV,WINTER
10,work,4.5,9.0,22.5,noVIPV,WINTER
10,public,4.5,8.0,20.0,noVIPV,WINTER
11,home,5.0,3.0,7.5,noVIPV,WINTER
11,work,5.0,39.0,97.5,noVIPV,WINTER
11,public,5.0,17.0,42.5,noVIPV,WINTER
12,home,5.5,1.0,2.5,noVIPV,WINTER
12,work,5.5,56.0,140.0,noVIPV,WINTER
12,public,5.5,16.0,40.0,noVIPV,WINTER
13,home,6.0,3.0,7.5,noVIPV,WINTER
13,work,6.0,111.0,277.5,noVIPV,WINTER
13,public,6.0,68.0,170.0,noVIPV,WINTER
14,home,6.5,5.0,12.5,noVIPV,WINTER
14,work,6.5,158.0,395.0,noVIPV,WINTER
14,public,6.5,87.0,217.5,noVIPV,WINTER
15,home,7.0,8.0,20.0,noVIPV,WINTER
15,work,7.0,350.0,875.0,noVIPV,WINTER
15,public,7.0,203.0,507.5,noVIPV,WINTER
16,home,7.5,12.0,30.0,noVIPV,WINTER
16,work,7.5,361.0,902.5,noVIPV,WINTER
16,public,7.5,272.0,680.0,noVIPV,WINTER
17,home,8.0,20.0,50.0,noVIPV,WINTER
17,work,8.0,210.0,525.0,noVIPV,WINTER
17,public,8.0,227.0,567.5,noVIPV,WINTER
18,home,8.5,50.0,125.0,noVIPV,WINTER
18,work,8.5,116.0,290.0,noVIPV,WINTER
18,public,8.5,199.0,497.5,noVIPV,WINTER
19,home,9.0,61.0,152.5,noVIPV,WINTER
19,work,9.0,51.0,127.5,noVIPV,WINTER
19,public,9.0,171.0,427.5,noVIPV,WINTER
20,home,9.5,83.0,207.5,noVIPV,WINTER
20,work,9.5,37.0,92.5,noVIPV,WINTER
20,public,9.5,188.0,470.0,noVIPV,WINTER
21,home,10.0,108.0,270.0,noVIPV,WINTER
21,work,10.0,44.0,110.0,noVIPV,WINTER
21,public,10.0,189.0,472.5,noVIPV,WINTER
22,home,10.5,118.0,295.0,noVIPV,WINTER
22,work,10.5,43.0,107.5,noVIPV,WINTER
22,public,10.5,232.0,580.0,noVIPV,WINTER
23,home,11.0,178.0,445.0,noVIPV,WINTER
23,work,11.0,30.0,75.0,noVIPV,WINTER
23,public,11.0,215.0,537.5,noVIPV,WINTER
24,home,11.5,194.0,485.0,noVIPV,WINTER
24,work,11.5,34.0,85.0,noVIPV,WINTER
24,public,11.5,244.0,610.0,noVIPV,WINTER
25,home,12.0,228.0,570.0,noVIPV,WINTER
25,work,12.0,49.0,122.5,noVIPV,WINTER
25,public,12.0,266.0,665.0,noVIPV,WINTER
26,home,12.5,228.0,570.0,noVIPV,WINTER
26,work,12.5,65.0,162.5,noVIPV,WINTER
26,public,12.5,269.0,672.5,noVIPV,WINTER
27,home,13.0,238.0,595.0,noVIPV,WINTER
27,work,13.0,45.0,112.5,noVIPV,WINTER
27,public,13.0,241.0,602.5,noVIPV,WINTER
28,home,13.5,269.0,672.5,noVIPV,WINTER
28,work,13.5,21.0,52.5,noVIPV,WINTER
28,public,13.5,212.0,530.0,noVIPV,WINTER
29,home,14.0,317.0,792.5,noVIPV,WINTER
29,work,14.0,31.0,77.5,noVIPV,WINTER
29,public,14.0,228.0,570.0,noVIPV,WINTER
30,home,14.5,296.0,740.0,noVIPV,WINTER
30,work,14.5,15.0,37.5,noVIPV,WINTER
30,public,14.5,220.0,550.0,noVIPV,WINTER
31,home,15.0,383.0,957.5,noVIPV,WINTER
31,work,15.0,7.0,17.5,noVIPV,WINTER
31,public,15.0,198.0,495.0,noVIPV,WINTER
32,home,15.5,411.0,1027.5,noVIPV,WINTER
32,work,15.5,7.0,17.5,noVIPV,WINTER
32,public,15.5,224.0,560.0,noVIPV,WINTER
33,home,16.0,499.0,1247.5,noVIPV,WINTER
33,work,16.0,12.0,30.0,noVIPV,WINTER
33,public,16.0,225.0,562.5,noVIPV,WINTER
34,home,16.5,556.0,1390.0,noVIPV,WINTER
34,work,16.5,7.0,17.5,noVIPV,WINTER
34,public,16.5,244.0,610.0,noVIPV,WINTER
35,home,17.0,512.0,1280.0,noVIPV,WINTER
35,work,17.0,7.0,17.5,noVIPV,WINTER
35,public,17.0,232.0,580.0,noVIPV,WINTER
36,home,17.5,467.0,1167.5,noVIPV,WINTER
36,work,17.5,1.0,2.5,noVIPV,WINTER
36,public,17.5,197.0,492.5,noVIPV,WINTER
37,home,18.0,433.0,1082.5,noVIPV,WINTER
37,work,18.0,3.0,7.5,noVIPV,WINTER
37,public,18.0,168.0,420.0,noVIPV,WINTER
38,home,18.5,314.0,785.0,noVIPV,WINTER
38,work,18.5,1.0,2.5,noVIPV,WINTER
38,public,18.5,140.0,350.0,noVIPV,WINTER
39,home,19.0,257.0,642.5,noVIPV,WINTER
39,work,19.0,2.0,5.0,noVIPV,WINTER
39,public,19.0,85.0,212.5,noVIPV,WINTER
40,home,19.5,237.0,592.5,noVIPV,WINTER
40,work,19.5,2.0,5.0,noVIPV,WINTER
40,public,19.5,92.0,230.0,noVIPV,WINTER
41,home,20.0,179.0,447.5,noVIPV,WINTER
41,work,20.0,0.0,0.0,noVIPV,WINTER
41,public,20.0,55.0,137.5,noVIPV,WINTER
42,home,20.5,135.0,337.5,noVIPV,WINTER
42,work,20.5,0.0,0.0,noVIPV,WINTER
42,public,20.5,48.0,120.0,noVIPV,WINTER
43,home,21.0,106.0,265.0,noVIPV,WINTER
43,work,21.0,0.0,0.0,noVIPV,WINTER
43,public,21.0,39.0,97.5,noVIPV,WINTER
44,home,21.5,109.0,272.5,noVIPV,WINTER
44,work,21.5,1.0,2.5,noVIPV,WINTER
44,public,21.5,23.0,57.5,noVIPV,WINTER
45,home,22.0,458.0,1145.0,noVIPV,WINTER
45,work,22.0,0.0,0.0,noVIPV,WINTER
45,public,22.0,65.0,162.5,noVIPV,WINTER
46,home,22.5,542.0,1355.0,noVIPV,WINTER
46,work,22.5,0.0,0.0,noVIPV,WINTER
46,public,22.5,108.0,270.0,noVIPV,WINTER
47,home,23.0,533.0,1332.5,noVIPV,WINTER
47,work,23.0,0.0,0.0,noVIPV,WINTER
47,public,23.0,114.0,285.0,noVIPV,WINTER
48,home,23.5,403.0,1007.5,noVIPV,WINTER
48,work,23.5,0.0,0.0,noVIPV,WINTER
48,public,23.5,78.0,195.0,noVIPV,WINTER
1,home,0.0,740.0,1850.0,VIPV50_Wp700,SPRING
1,work,0.0,0.0,0.0,VIPV50_Wp700,SPRING
1,public,0.0,128.0,320.0,VIPV50_Wp700,SPRING
2,home,0.5,513.0,1282.5,VIPV50_Wp700,SPRING
2,work,0.5,0.0,0.0,VIPV50_Wp700,SPRING
2,public,0.5,134.0,335.0,VIPV50_Wp700,SPRING
3,home,1.0,237.0,592.5,VIPV50_Wp700,SPRING
3,work,1.0,0.0,0.0,VIPV50_Wp700,SPRING
3,public,1.0,47.0,117.5,VIPV50_Wp700,SPRING
4,home,1.5,93.0,232.5,VIPV50_Wp700,SPRING
4,work,1.5,0.0,0.0,VIPV50_Wp700,SPRING
4,public,1.5,23.0,57.5,VIPV50_Wp700,SPRING
5,home,2.0,34.0,85.0,VIPV50_Wp700,SPRING
5,work,2.0,0.0,0.0,VIPV50_Wp700,SPRING
5,public,2.0,8.0,20.0,VIPV50_Wp700,SPRING
6,home,2.5,5.0,12.5,VIPV50_Wp700,SPRING
6,work,2.5,0.0,0.0,VIPV50_Wp700,SPRING
6,public,2.5,2.0,5.0,VIPV50_Wp700,SPRING
7,home,3.0,0.0,0.0,VIPV50_Wp700,SPRING
7,work,3.0,0.0,0.0,VIPV50_Wp700,SPRING
7,public,3.0,0.0,0.0,VIPV50_Wp700,SPRING
8,home,3.5,0.0,0.0,VIPV50_Wp700,SPRING
8,work,3.5,0.0,0.0,VIPV50_Wp700,SPRING
8,public,3.5,0.0,0.0,VIPV50_Wp700,SPRING
9,home,4.0,0.0,0.0,VIPV50_Wp700,SPRING
9,work,4.0,2.0,5.0,VIPV50_Wp700,SPRING
9,public,4.0,1.0,2.5,VIPV50_Wp700,SPRING
10,home,4.5,0.0,0.0,VIPV50_Wp700,SPRING
10,work,4.5,11.0,27.5,VIPV50_Wp700,SPRING
10,public,4.5,7.0,17.5,VIPV50_Wp700,SPRING
11,home,5.0,2.0,5.0,VIPV50_Wp700,SPRING
11,work,5.0,24.0,60.0,VIPV50_Wp700,SPRING
11,public,5.0,19.0,47.5,VIPV50_Wp700,SPRING
12,home,5.5,6.0,15.0,VIPV50_Wp700,SPRING
12,work,5.5,36.0,90.0,VIPV50_Wp700,SPRING
12,public,5.5,35.0,87.5,VIPV50_Wp700,SPRING
13,home,6.0,3.0,7.5,VIPV50_Wp700,SPRING
13,work,6.0,101.0,252.5,VIPV50_Wp700,SPRING
13,public,6.0,70.0,175.0,VIPV50_Wp700,SPRING
14,home,6.5,2.0,5.0,VIPV50_Wp700,SPRING
14,work,6.5,164.0,410.0,VIPV50_Wp700,SPRING
14,public,6.5,94.0,235.0,VIPV50_Wp700,SPRING
15,home,7.0,4.0,10.0,VIPV50_Wp700,SPRING
15,work,7.0,272.0,680.0,VIPV50_Wp700,SPRING
15,public,7.0,182.0,455.0,VIPV50_Wp700,SPRING
16,home,7.5,11.0,27.5,VIPV50_Wp700,SPRING
16,work,7.5,329.0,822.5,VIPV50_Wp700,SPRING
16,public,7.5,245.0,612.5,VIPV50_Wp700,SPRING
17,home,8.0,16.0,40.0,VIPV50_Wp700,SPRING
17,work,8.0,194.0,485.0,VIPV50_Wp700,SPRING
17,public,8.0,180.0,450.0,VIPV50_Wp700,SPRING
18,home,8.5,32.0,80.0,VIPV50_Wp700,SPRING
18,work,8.5,104.0,260.0,VIPV50_Wp700,SPRING
18,public,8.5,157.0,392.5,VIPV50_Wp700,SPRING
19,home,9.0,40.0,100.0,VIPV50_Wp700,SPRING
19,work,9.0,69.0,172.5,VIPV50_Wp700,SPRING
19,public,9.0,151.0,377.5,VIPV50_Wp700,SPRING
20,home,9.5,79.0,197.5,VIPV50_Wp700,SPRING
20,work,9.5,58.0,145.0,VIPV50_Wp700,SPRING
20,public,9.5,160.0,400.0,VIPV50_Wp700,SPRING
21,home,10.0,114.0,285.0,VIPV50_Wp700,SPRING
21,work,10.0,39.0,97.5,VIPV50_Wp700,SPRING
21,public,10.0,170.0,425.0,VIPV50_Wp700,SPRING
22,home,10.5,113.0,282.5,VIPV50_Wp700,SPRING
22,work,10.5,34.0,85.0,VIPV50_Wp700,SPRING
22,public,10.5,178.0,445.0,VIPV50_Wp700,SPRING
23,home,11.0,194.0,485.0,VIPV50_Wp700,SPRING
23,work,11.0,25.0,62.5,VIPV50_Wp700,SPRING
23,public,11.0,227.0,567.5,VIPV50_Wp700,SPRING
24,home,11.5,196.0,490.0,VIPV50_Wp700,SPRING
24,work,11.5,34.0,85.0,VIPV50_Wp700,SPRING
24,public,11.5,242.0,605.0,VIPV50_Wp700,SPRING
25,home,12.0,233.0,582.5,VIPV50_Wp700,SPRING
25,work,12.0,29.0,72.5,VIPV50_Wp700,SPRING
25,public,12.0,211.0,527.5,VIPV50_Wp700,SPRING
26,home,12.5,216.0,540.0,VIPV50_Wp700,SPRING
26,work,12.5,50.0,125.0,VIPV50_Wp700,SPRING
26,public,12.5,220.0,550.0,VIPV50_Wp700,SPRING
27,home,13.0,227.0,567.5,VIPV50_Wp700,SPRING
27,work,13.0,35.0,87.5,VIPV50_Wp700,SPRING
27,public,13.0,199.0,497.5,VIPV50_Wp700,SPRING
28,home,13.5,286.0,715.0,VIPV50_Wp700,SPRING
28,work,13.5,34.0,85.0,VIPV50_Wp700,SPRING
28,public,13.5,199.0,497.5,VIPV50_Wp700,SPRING
29,home,14.0,335.0,837.5,VIPV50_Wp700,SPRING
29,work,14.0,26.0,65.0,VIPV50_Wp700,SPRING
29,public,14.0,224.0,560.0,VIPV50_Wp700,SPRING
30,home,14.5,321.0,802.5,VIPV50_Wp700,SPRING
30,work,14.5,13.0,32.5,VIPV50_Wp700,SPRING
30,public,14.5,182.0,455.0,VIPV50_Wp700,SPRING
31,home,15.0,326.0,815.0,VIPV50_Wp700,SPRING
31,work,15.0,7.0,17.5,VIPV50_Wp700,SPRING
31,public,15.0,194.0,485.0,VIPV50_Wp700,SPRING
32,home,15.5,425.0,1062.5,VIPV50_Wp700,SPRING
32,work,15.5,4.0,10.0,VIPV50_Wp700,SPRING
32,public,15.5,194.0,485.0,VIPV50_Wp700,SPRING
33,home,16.0,450.0,1125.0,VIPV50_Wp700,SPRING
33,work,16.0,8.0,20.0,VIPV50_Wp700,SPRING
33,public,16.0,241.0,602.5,VIPV50_Wp700,SPRING
34,home,16.5,470.0,1175.0,VIPV50_Wp700,SPRING
34,work,16.5,8.0,20.0,VIPV50_Wp700,SPRING
34,public,16.5,189.0,472.5,VIPV50_Wp700,SPRING
35,home,17.0,414.0,1035.0,VIPV50_Wp700,SPRING
35,work,17.0,8.0,20.0,VIPV50_Wp700,SPRING
35,public,17.0,222.0,555.0,VIPV50_Wp700,SPRING
36,home,17.5,387.0,967.5,VIPV50_Wp700,SPRING
36,work,17.5,3.0,7.5,VIPV50_Wp700,SPRING
36,public,17.5,160.0,400.0,VIPV50_Wp700,SPRING
37,home,18.0,340.0,850.0,VIPV50_Wp700,SPRING
37,work,18.0,6.0,15.0,VIPV50_Wp700,SPRING
37,public,18.0,139.0,347.5,VIPV50_Wp700,SPRING
38,home,18.5,273.0,682.5,VIPV50_Wp700,SPRING
38,work,18.5,0.0,0.0,VIPV50_Wp700,SPRING
38,public,18.5,101.0,252.5,VIPV50_Wp700,SPRING
39,home,19.0,200.0,500.0,VIPV50_Wp700,SPRING
39,work,19.0,6.0,15.0,VIPV50_Wp700,SPRING
39,public,19.0,63.0,157.5,VIPV50_Wp700,SPRING
40,home,19.5,198.0,495.0,VIPV50_Wp700,SPRING
40,work,19.5,2.0,5.0,VIPV50_Wp700,SPRING
40,public,19.5,75.0,187.5,VIPV50_Wp700,SPRING
41,home,20.0,116.0,290.0,VIPV50_Wp700,SPRING
41,work,20.0,0.0,0.0,VIPV50_Wp700,SPRING
41,public,20.0,54.0,135.0,VIPV50_Wp700,SPRING
42,home,20.5,119.0,297.5,VIPV50_Wp700,SPRING
42,work,20.5,0.0,0.0,VIPV50_Wp700,SPRING
42,public,20.5,37.0,92.5,VIPV50_Wp700,SPRING
43,home,21.0,103.0,257.5,VIPV50_Wp700,SPRING
43,work,21.0,0.0,0.0,VIPV50_Wp700,SPRING
43,public,21.0,29.0,72.5,VIPV50_Wp700,SPRING
44,home,21.5,94.0,235.0,VIPV50_Wp700,SPRING
44,work,21.5,1.0,2.5,VIPV50_Wp700,SPRING
44,public,21.5,16.0,40.0,VIPV50_Wp700,SPRING
45,home,22.0,93.0,232.5,VIPV50_Wp700,SPRING
45,work,22.0,0.0,0.0,VIPV50_Wp700,SPRING
45,public,22.0,12.0,30.0,VIPV50_Wp700,SPRING
46,home,22.5,74.0,185.0,VIPV50_Wp700,SPRING
46,work,22.5,0.0,0.0,VIPV50_Wp700,SPRING
46,public,22.5,8.0,20.0,VIPV50_Wp700,SPRING
47,home,23.0,63.0,157.5,VIPV50_Wp700,SPRING
47,work,23.0,0.0,0.0,VIPV50_Wp700,SPRING
47,public,23.0,7.0,17.5,VIPV50_Wp700,SPRING
48,home,23.5,68.0,170.0,VIPV50_Wp700,SPRING
48,work,23.5,0.0,0.0,VIPV50_Wp700,SPRING
48,public,23.5,3.0,7.5,VIPV50_Wp700,SPRING
1,home,0.0,142.0,355.0,VIPV50_Wp700,SUMMER
1,work,0.0,0.0,0.0,VIPV50_Wp700,SUMMER
1,public,0.0,37.0,92.5,VIPV50_Wp700,SUMMER
2,home,0.5,99.0,247.5,VIPV50_Wp700,SUMMER
2,work,0.5,0.0,0.0,VIPV50_Wp700,SUMMER
2,public,0.5,24.0,60.0,VIPV50_Wp700,SUMMER
3,home,1.0,46.0,115.0,VIPV50_Wp700,SUMMER
3,work,1.0,0.0,0.0,VIPV50_Wp700,SUMMER
3,public,1.0,10.0,25.0,VIPV50_Wp700,SUMMER
4,home,1.5,12.0,30.0,VIPV50_Wp700,SUMMER
4,work,1.5,0.0,0.0,VIPV50_Wp700,SUMMER
4,public,1.5,4.0,10.0,VIPV50_Wp700,SUMMER
5,home,2.0,6.0,15.0,VIPV50_Wp700,SUMMER
5,work,2.0,0.0,0.0,VIPV50_Wp700,SUMMER
5,public,2.0,1.0,2.5,VIPV50_Wp700,SUMMER
6,home,2.5,0.0,0.0,VIPV50_Wp700,SUMMER
6,work,2.5,0.0,0.0,VIPV50_Wp700,SUMMER
6,public,2.5,1.0,2.5,VIPV50_Wp700,SUMMER
7,home,3.0,0.0,0.0,VIPV50_Wp700,SUMMER
7,work,3.0,0.0,0.0,VIPV50_Wp700,SUMMER
7,public,3.0,0.0,0.0,VIPV50_Wp700,SUMMER
8,home,3.5,0.0,0.0,VIPV50_Wp700,SUMMER
8,work,3.5,0.0,0.0,VIPV50_Wp700,SUMMER
8,public,3.5,0.0,0.0,VIPV50_Wp700,SUMMER
9,home,4.0,0.0,0.0,VIPV50_Wp700,SUMMER
9,work,4.0,3.0,7.5,VIPV50_Wp700,SUMMER
9,public,4.0,3.0,7.5,VIPV50_Wp700,SUMMER
10,home,4.5,0.0,0.0,VIPV50_Wp700,SUMMER
10,work,4.5,11.0,27.5,VIPV50_Wp700,SUMMER
10,public,4.5,6.0,15.0,VIPV50_Wp700,SUMMER
11,home,5.0,5.0,12.5,VIPV50_Wp700,SUMMER
11,work,5.0,32.0,80.0,VIPV50_Wp700,SUMMER
11,public,5.0,17.0,42.5,VIPV50_Wp700,SUMMER
12,home,5.5,5.0,12.5,VIPV50_Wp700,SUMMER
12,work,5.5,40.0,100.0,VIPV50_Wp700,SUMMER
12,public,5.5,27.0,67.5,VIPV50_Wp700,SUMMER
13,home,6.0,1.0,2.5,VIPV50_Wp700,SUMMER
13,work,6.0,106.0,265.0,VIPV50_Wp700,SUMMER
13,public,6.0,60.0,150.0,VIPV50_Wp700,SUMMER
14,home,6.5,4.0,10.0,VIPV50_Wp700,SUMMER
14,work,6.5,139.0,347.5,VIPV50_Wp700,SUMMER
14,public,6.5,92.0,230.0,VIPV50_Wp700,SUMMER
15,home,7.0,12.0,30.0,VIPV50_Wp700,SUMMER
15,work,7.0,285.0,712.5,VIPV50_Wp700,SUMMER
15,public,7.0,181.0,452.5,VIPV50_Wp700,SUMMER
16,home,7.5,15.0,37.5,VIPV50_Wp700,SUMMER
16,work,7.5,295.0,737.5,VIPV50_Wp700,SUMMER
16,public,7.5,237.0,592.5,VIPV50_Wp700,SUMMER
17,home,8.0,10.0,25.0,VIPV50_Wp700,SUMMER
17,work,8.0,199.0,497.5,VIPV50_Wp700,SUMMER
17,public,8.0,187.0,467.5,VIPV50_Wp700,SUMMER
18,home,8.5,34.0,85.0,VIPV50_Wp700,SUMMER
18,work,8.5,93.0,232.5,VIPV50_Wp700,SUMMER
18,public,8.5,156.0,390.0,VIPV50_Wp700,SUMMER
19,home,9.0,63.0,157.5,VIPV50_Wp700,SUMMER
19,work,9.0,72.0,180.0,VIPV50_Wp700,SUMMER
19,public,9.0,154.0,385.0,VIPV50_Wp700,SUMMER
20,home,9.5,85.0,212.5,VIPV50_Wp700,SUMMER
20,work,9.5,45.0,112.5,VIPV50_Wp700,SUMMER
20,public,9.5,187.0,467.5,VIPV50_Wp700,SUMMER
21,home,10.0,119.0,297.5,VIPV50_Wp700,SUMMER
21,work,10.0,41.0,102.5,VIPV50_Wp700,SUMMER
21,public,10.0,186.0,465.0,VIPV50_Wp700,SUMMER
22,home,10.5,108.0,270.0,VIPV50_Wp700,SUMMER
22,work,10.5,39.0,97.5,VIPV50_Wp700,SUMMER
22,public,10.5,203.0,507.5,VIPV50_Wp700,SUMMER
23,home,11.0,177.0,442.5,VIPV50_Wp700,SUMMER
23,work,11.0,22.0,55.0,VIPV50_Wp700,SUMMER
23,public,11.0,217.0,542.5,VIPV50_Wp700,SUMMER
24,home,11.5,170.0,425.0,VIPV50_Wp700,SUMMER
24,work,11.5,36.0,90.0,VIPV50_Wp700,SUMMER
24,public,11.5,208.0,520.0,VIPV50_Wp700,SUMMER
25,home,12.0,197.0,492.5,VIPV50_Wp700,SUMMER
25,work,12.0,35.0,87.5,VIPV50_Wp700,SUMMER
25,public,12.0,226.0,565.0,VIPV50_Wp700,SUMMER
26,home,12.5,207.0,517.5,VIPV50_Wp700,SUMMER
26,work,12.5,48.0,120.0,VIPV50_Wp700,SUMMER
26,public,12.5,234.0,585.0,VIPV50_Wp700,SUMMER
27,home,13.0,234.0,585.0,VIPV50_Wp700,SUMMER
27,work,13.0,55.0,137.5,VIPV50_Wp700,SUMMER
27,public,13.0,230.0,575.0,VIPV50_Wp700,SUMMER
28,home,13.5,257.0,642.5,VIPV50_Wp700,SUMMER
28,work,13.5,35.0,87.5,VIPV50_Wp700,SUMMER
28,public,13.5,214.0,535.0,VIPV50_Wp700,SUMMER
29,home,14.0,331.0,827.5,VIPV50_Wp700,SUMMER
29,work,14.0,22.0,55.0,VIPV50_Wp700,SUMMER
29,public,14.0,226.0,565.0,VIPV50_Wp700,SUMMER
30,home,14.5,299.0,747.5,VIPV50_Wp700,SUMMER
30,work,14.5,15.0,37.5,VIPV50_Wp700,SUMMER
30,public,14.5,212.0,530.0,VIPV50_Wp700,SUMMER
31,home,15.0,307.0,767.5,VIPV50_Wp700,SUMMER
31,work,15.0,3.0,7.5,VIPV50_Wp700,SUMMER
31,public,15.0,186.0,465.0,VIPV50_Wp700,SUMMER
32,home,15.5,420.0,1050.0,VIPV50_Wp700,SUMMER
32,work,15.5,3.0,7.5,VIPV50_Wp700,SUMMER
32,public,15.5,214.0,535.0,VIPV50_Wp700,SUMMER
33,home,16.0,469.0,1172.5,VIPV50_Wp700,SUMMER
33,work,16.0,8.0,20.0,VIPV50_Wp700,SUMMER
33,public,16.0,195.0,487.5,VIPV50_Wp700,SUMMER
34,home,16.5,528.0,1320.0,VIPV50_Wp700,SUMMER
34,work,16.5,3.0,7.5,VIPV50_Wp700,SUMMER
34,public,16.5,209.0,522.5,VIPV50_Wp700,SUMMER
35,home,17.0,454.0,1135.0,VIPV50_Wp700,SUMMER
35,work,17.0,2.0,5.0,VIPV50_Wp700,SUMMER
35,public,17.0,215.0,537.5,VIPV50_Wp700,SUMMER
36,home,17.5,420.0,1050.0,VIPV50_Wp700,SUMMER
36,work,17.5,2.0,5.0,VIPV50_Wp700,SUMMER
36,public,17.5,175.0,437.5,VIPV50_Wp700,SUMMER
37,home,18.0,401.0,1002.5,VIPV50_Wp700,SUMMER
37,work,18.0,6.0,15.0,VIPV50_Wp700,SUMMER
37,public,18.0,165.0,412.5,VIPV50_Wp700,SUMMER
38,home,18.5,288.0,720.0,VIPV50_Wp700,SUMMER
38,work,18.5,2.0,5.0,VIPV50_Wp700,SUMMER
38,public,18.5,122.0,305.0,VIPV50_Wp700,SUMMER
39,home,19.0,223.0,557.5,VIPV50_Wp700,SUMMER
39,work,19.0,2.0,5.0,VIPV50_Wp700,SUMMER
39,public,19.0,99.0,247.5,VIPV50_Wp700,SUMMER
40,home,19.5,204.0,510.0,VIPV50_Wp700,SUMMER
40,work,19.5,3.0,7.5,VIPV50_Wp700,SUMMER
40,public,19.5,69.0,172.5,VIPV50_Wp700,SUMMER
41,home,20.0,141.0,352.5,VIPV50_Wp700,SUMMER
41,work,20.0,0.0,0.0,VIPV50_Wp700,SUMMER
41,public,20.0,46.0,115.0,VIPV50_Wp700,SUMMER
42,home,20.5,124.0,310.0,VIPV50_Wp700,SUMMER
42,work,20.5,0.0,0.0,VIPV50_Wp700,SUMMER
42,public,20.5,36.0,90.0,VIPV50_Wp700,SUMMER
43,home,21.0,112.0,280.0,VIPV50_Wp700,SUMMER
43,work,21.0,0.0,0.0,VIPV50_Wp700,SUMMER
43,public,21.0,38.0,95.0,VIPV50_Wp700,SUMMER
44,home,21.5,86.0,215.0,VIPV50_Wp700,SUMMER
44,work,21.5,0.0,0.0,VIPV50_Wp700,SUMMER
44,public,21.5,14.0,35.0,VIPV50_Wp700,SUMMER
45,home,22.0,465.0,1162.5,VIPV50_Wp700,SUMMER
45,work,22.0,0.0,0.0,VIPV50_Wp700,SUMMER
45,public,22.0,72.0,180.0,VIPV50_Wp700,SUMMER
46,home,22.5,534.0,1335.0,VIPV50_Wp700,SUMMER
46,work,22.5,0.0,0.0,VIPV50_Wp700,SUMMER
46,public,22.5,76.0,190.0,VIPV50_Wp700,SUMMER
47,home,23.0,464.0,1160.0,VIPV50_Wp700,SUMMER
47,work,23.0,0.0,0.0,VIPV50_Wp700,SUMMER
47,public,23.0,64.0,160.0,VIPV50_Wp700,SUMMER
48,home,23.5,339.0,847.5,VIPV50_Wp700,SUMMER
48,work,23.5,0.0,0.0,VIPV50_Wp700,SUMMER
48,public,23.5,78.0,195.0,VIPV50_Wp700,SUMMER
1,home,0.0,769.0,1922.5,VIPV50_Wp700,AUTUMN
1,work,0.0,1.0,2.5,VIPV50_Wp700,AUTUMN
1,public,0.0,150.0,375.0,VIPV50_Wp700,AUTUMN
2,home,0.5,562.0,1405.0,VIPV50_Wp700,AUTUMN
2,work,0.5,0.0,0.0,VIPV50_Wp700,AUTUMN
2,public,0.5,128.0,320.0,VIPV50_Wp700,AUTUMN
3,home,1.0,265.0,662.5,VIPV50_Wp700,AUTUMN
3,work,1.0,0.0,0.0,VIPV50_Wp700,AUTUMN
3,public,1.0,49.0,122.5,VIPV50_Wp700,AUTUMN
4,home,1.5,91.0,227.5,VIPV50_Wp700,AUTUMN
4,work,1.5,0.0,0.0,VIPV50_Wp700,AUTUMN
4,public,1.5,28.0,70.0,VIPV50_Wp700,AUTUMN
5,home,2.0,23.0,57.5,VIPV50_Wp700,AUTUMN
5,work,2.0,0.0,0.0,VIPV50_Wp700,AUTUMN
5,public,2.0,9.0,22.5,VIPV50_Wp700,AUTUMN
6,home,2.5,9.0,22.5,VIPV50_Wp700,AUTUMN
6,work,2.5,0.0,0.0,VIPV50_Wp700,AUTUMN
6,public,2.5,1.0,2.5,VIPV50_Wp700,AUTUMN
7,home,3.0,1.0,2.5,VIPV50_Wp700,AUTUMN
7,work,3.0,0.0,0.0,VIPV50_Wp700,AUTUMN
7,public,3.0,0.0,0.0,VIPV50_Wp700,AUTUMN
8,home,3.5,0.0,0.0,VIPV50_Wp700,AUTUMN
8,work,3.5,0.0,0.0,VIPV50_Wp700,AUTUMN
8,public,3.5,0.0,0.0,VIPV50_Wp700,AUTUMN
9,home,4.0,0.0,0.0,VIPV50_Wp700,AUTUMN
9,work,4.0,5.0,12.5,VIPV50_Wp700,AUTUMN
9,public,4.0,1.0,2.5,VIPV50_Wp700,AUTUMN
10,home,4.5,0.0,0.0,VIPV50_Wp700,AUTUMN
10,work,4.5,12.0,30.0,VIPV50_Wp700,AUTUMN
10,public,4.5,5.0,12.5,VIPV50_Wp700,AUTUMN
11,home,5.0,1.0,2.5,VIPV50_Wp700,AUTUMN
11,work,5.0,37.0,92.5,VIPV50_Wp700,AUTUMN
11,public,5.0,11.0,27.5,VIPV50_Wp700,AUTUMN
12,home,5.5,1.0,2.5,VIPV50_Wp700,AUTUMN
12,work,5.5,49.0,122.5,VIPV50_Wp700,AUTUMN
12,public,5.5,28.0,70.0,VIPV50_Wp700,AUTUMN
13,home,6.0,2.0,5.0,VIPV50_Wp700,AUTUMN
13,work,6.0,93.0,232.5,VIPV50_Wp700,AUTUMN
13,public,6.0,65.0,162.5,VIPV50_Wp700,AUTUMN
14,home,6.5,4.0,10.0,VIPV50_Wp700,AUTUMN
14,work,6.5,142.0,355.0,VIPV50_Wp700,AUTUMN
14,public,6.5,92.0,230.0,VIPV50_Wp700,AUTUMN
15,home,7.0,15.0,37.5,VIPV50_Wp700,AUTUMN
15,work,7.0,275.0,687.5,VIPV50_Wp700,AUTUMN
15,public,7.0,177.0,442.5,VIPV50_Wp700,AUTUMN
16,home,7.5,13.0,32.5,VIPV50_Wp700,AUTUMN
16,work,7.5,296.0,740.0,VIPV50_Wp700,AUTUMN
16,public,7.5,227.0,567.5,VIPV50_Wp700,AUTUMN
17,home,8.0,12.0,30.0,VIPV50_Wp700,AUTUMN
17,work,8.0,177.0,442.5,VIPV50_Wp700,AUTUMN
17,public,8.0,217.0,542.5,VIPV50_Wp700,AUTUMN
18,home,8.5,41.0,102.5,VIPV50_Wp700,AUTUMN
18,work,8.5,124.0,310.0,VIPV50_Wp700,AUTUMN
18,public,8.5,166.0,415.0,VIPV50_Wp700,AUTUMN
19,home,9.0,46.0,115.0,VIPV50_Wp700,AUTUMN
19,work,9.0,79.0,197.5,VIPV50_Wp700,AUTUMN
19,public,9.0,178.0,445.0,VIPV50_Wp700,AUTUMN
20,home,9.5,82.0,205.0,VIPV50_Wp700,AUTUMN
20,work,9.5,43.0,107.5,VIPV50_Wp700,AUTUMN
20,public,9.5,179.0,447.5,VIPV50_Wp700,AUTUMN
21,home,10.0,81.0,202.5,VIPV50_Wp700,AUTUMN
21,work,10.0,39.0,97.5,VIPV50_Wp700,AUTUMN
21,public,10.0,200.0,500.0,VIPV50_Wp700,AUTUMN
22,home,10.5,118.0,295.0,VIPV50_Wp700,AUTUMN
22,work,10.5,40.0,100.0,VIPV50_Wp700,AUTUMN
22,public,10.5,187.0,467.5,VIPV50_Wp700,AUTUMN
23,home,11.0,205.0,512.5,VIPV50_Wp700,AUTUMN
23,work,11.0,24.0,60.0,VIPV50_Wp700,AUTUMN
23,public,11.0,216.0,540.0,VIPV50_Wp700,AUTUMN
24,home,11.5,212.0,530.0,VIPV50_Wp700,AUTUMN
24,work,11.5,35.0,87.5,VIPV50_Wp700,AUTUMN
24,public,11.5,258.0,645.0,VIPV50_Wp700,AUTUMN
25,home,12.0,224.0,560.0,VIPV50_Wp700,AUTUMN
25,work,12.0,38.0,95.0,VIPV50_Wp700,AUTUMN
25,public,12.0,228.0,570.0,VIPV50_Wp700,AUTUMN
26,home,12.5,235.0,587.5,VIPV50_Wp700,AUTUMN
26,work,12.5,53.0,132.5,VIPV50_Wp700,AUTUMN
26,public,12.5,223.0,557.5,VIPV50_Wp700,AUTUMN
27,home,13.0,243.0,607.5,VIPV50_Wp700,AUTUMN
27,work,13.0,45.0,112.5,VIPV50_Wp700,AUTUMN
27,public,13.0,241.0,602.5,VIPV50_Wp700,AUTUMN
28,home,13.5,263.0,657.5,VIPV50_Wp700,AUTUMN
28,work,13.5,19.0,47.5,VIPV50_Wp700,AUTUMN
28,public,13.5,240.0,600.0,VIPV50_Wp700,AUTUMN
29,home,14.0,347.0,867.5,VIPV50_Wp700,AUTUMN
29,work,14.0,21.0,52.5,VIPV50_Wp700,AUTUMN
29,public,14.0,206.0,515.0,VIPV50_Wp700,AUTUMN
30,home,14.5,293.0,732.5,VIPV50_Wp700,AUTUMN
30,work,14.5,9.0,22.5,VIPV50_Wp700,AUTUMN
30,public,14.5,222.0,555.0,VIPV50_Wp700,AUTUMN
31,home,15.0,331.0,827.5,VIPV50_Wp700,AUTUMN
31,work,15.0,8.0,20.0,VIPV50_Wp700,AUTUMN
31,public,15.0,204.0,510.0,VIPV50_Wp700,AUTUMN
32,home,15.5,436.0,1090.0,VIPV50_Wp700,AUTUMN
32,work,15.5,7.0,17.5,VIPV50_Wp700,AUTUMN
32,public,15.5,220.0,550.0,VIPV50_Wp700,AUTUMN
33,home,16.0,507.0,1267.5,VIPV50_Wp700,AUTUMN
33,work,16.0,7.0,17.5,VIPV50_Wp700,AUTUMN
33,public,16.0,263.0,657.5,VIPV50_Wp700,AUTUMN
34,home,16.5,555.0,1387.5,VIPV50_Wp700,AUTUMN
34,work,16.5,7.0,17.5,VIPV50_Wp700,AUTUMN
34,public,16.5,212.0,530.0,VIPV50_Wp700,AUTUMN
35,home,17.0,523.0,1307.5,VIPV50_Wp700,AUTUMN
35,work,17.0,6.0,15.0,VIPV50_Wp700,AUTUMN
35,public,17.0,221.0,552.5,VIPV50_Wp700,AUTUMN
36,home,17.5,451.0,1127.5,VIPV50_Wp700,AUTUMN
36,work,17.5,1.0,2.5,VIPV50_Wp700,AUTUMN
36,public,17.5,192.0,480.0,VIPV50_Wp700,AUTUMN
37,home,18.0,448.0,1120.0,VIPV50_Wp700,AUTUMN
37,work,18.0,6.0,15.0,VIPV50_Wp700,AUTUMN
37,public,18.0,156.0,390.0,VIPV50_Wp700,AUTUMN
38,home,18.5,308.0,770.0,VIPV50_Wp700,AUTUMN
38,work,18.5,1.0,2.5,VIPV50_Wp700,AUTUMN
38,public,18.5,146.0,365.0,VIPV50_Wp700,AUTUMN
39,home,19.0,257.0,642.5,VIPV50_Wp700,AUTUMN
39,work,19.0,1.0,2.5,VIPV50_Wp700,AUTUMN
39,public,19.0,96.0,240.0,VIPV50_Wp700,AUTUMN
40,home,19.5,222.0,555.0,VIPV50_Wp700,AUTUMN
40,work,19.5,1.0,2.5,VIPV50_Wp700,AUTUMN
40,public,19.5,76.0,190.0,VIPV50_Wp700,AUTUMN
41,home,20.0,146.0,365.0,VIPV50_Wp700,AUTUMN
41,work,20.0,0.0,0.0,VIPV50_Wp700,AUTUMN
41,public,20.0,56.0,140.0,VIPV50_Wp700,AUTUMN
42,home,20.5,145.0,362.5,VIPV50_Wp700,AUTUMN
42,work,20.5,0.0,0.0,VIPV50_Wp700,AUTUMN
42,public,20.5,38.0,95.0,VIPV50_Wp700,AUTUMN
43,home,21.0,120.0,300.0,VIPV50_Wp700,AUTUMN
43,work,21.0,0.0,0.0,VIPV50_Wp700,AUTUMN
43,public,21.0,31.0,77.5,VIPV50_Wp700,AUTUMN
44,home,21.5,103.0,257.5,VIPV50_Wp700,AUTUMN
44,work,21.5,0.0,0.0,VIPV50_Wp700,AUTUMN
44,public,21.5,19.0,47.5,VIPV50_Wp700,AUTUMN
45,home,22.0,93.0,232.5,VIPV50_Wp700,AUTUMN
45,work,22.0,0.0,0.0,VIPV50_Wp700,AUTUMN
45,public,22.0,10.0,25.0,VIPV50_Wp700,AUTUMN
46,home,22.5,69.0,172.5,VIPV50_Wp700,AUTUMN
46,work,22.5,0.0,0.0,VIPV50_Wp700,AUTUMN
46,public,22.5,10.0,25.0,VIPV50_Wp700,AUTUMN
47,home,23.0,74.0,185.0,VIPV50_Wp700,AUTUMN
47,work,23.0,0.0,0.0,VIPV50_Wp700,AUTUMN
47,public,23.0,5.0,12.5,VIPV50_Wp700,AUTUMN
48,home,23.5,75.0,187.5,VIPV50_Wp700,AUTUMN
48,work,23.5,0.0,0.0,VIPV50_Wp700,AUTUMN
48,public,23.5,3.0,7.5,VIPV50_Wp700,AUTUMN
1,home,0.0,216.0,540.0,VIPV50_Wp700,WINTER
1,work,0.0,0.0,0.0,VIPV50_Wp700,WINTER
1,public,0.0,39.0,97.5,VIPV50_Wp700,WINTER
2,home,0.5,117.0,292.5,VIPV50_Wp700,WINTER
2,work,0.5,0.0,0.0,VIPV50_Wp700,WINTER
2,public,0.5,20.0,50.0,VIPV50_Wp700,WINTER
3,home,1.0,38.0,95.0,VIPV50_Wp700,WINTER
3,work,1.0,0.0,0.0,VIPV50_Wp700,WINTER
3,public,1.0,11.0,27.5,VIPV50_Wp700,WINTER
4,home,1.5,20.0,50.0,VIPV50_Wp700,WINTER
4,work,1.5,0.0,0.0,VIPV50_Wp700,WINTER
4,public,1.5,7.0,17.5,VIPV50_Wp700,WINTER
5,home,2.0,8.0,20.0,VIPV50_Wp700,WINTER
5,work,2.0,0.0,0.0,VIPV50_Wp700,WINTER
5,public,2.0,0.0,0.0,VIPV50_Wp700,WINTER
6,home,2.5,1.0,2.5,VIPV50_Wp700,WINTER
6,work,2.5,0.0,0.0,VIPV50_Wp700,WINTER
6,public,2.5,0.0,0.0,VIPV50_Wp700,WINTER
7,home,3.0,0.0,0.0,VIPV50_Wp700,WINTER
7,work,3.0,0.0,0.0,VIPV50_Wp700,WINTER
7,public,3.0,0.0,0.0,VIPV50_Wp700,WINTER
8,home,3.5,0.0,0.0,VIPV50_Wp700,WINTER
8,work,3.5,0.0,0.0,VIPV50_Wp700,WINTER
8,public,3.5,1.0,2.5,VIPV50_Wp700,WINTER
9,home,4.0,0.0,0.0,VIPV50_Wp700,WINTER
9,work,4.0,4.0,10.0,VIPV50_Wp700,WINTER
9,public,4.0,2.0,5.0,VIPV50_Wp700,WINTER
10,home,4.5,0.0,0.0,VIPV50_Wp700,WINTER
10,work,4.5,15.0,37.5,VIPV50_Wp700,WINTER
10,public,4.5,4.0,10.0,VIPV50_Wp700,WINTER
11,home,5.0,3.0,7.5,VIPV50_Wp700,WINTER
11,work,5.0,32.0,80.0,VIPV50_Wp700,WINTER
11,public,5.0,16.0,40.0,VIPV50_Wp700,WINTER
12,home,5.5,3.0,7.5,VIPV50_Wp700,WINTER
12,work,5.5,57.0,142.5,VIPV50_Wp700,WINTER
12,public,5.5,35.0,87.5,VIPV50_Wp700,WINTER
13,home,6.0,1.0,2.5,VIPV50_Wp700,WINTER
13,work,6.0,126.0,315.0,VIPV50_Wp700,WINTER
13,public,6.0,82.0,205.0,VIPV50_Wp700,WINTER
14,home,6.5,4.0,10.0,VIPV50_Wp700,WINTER
14,work,6.5,163.0,407.5,VIPV50_Wp700,WINTER
14,public,6.5,102.0,255.0,VIPV50_Wp700,WINTER
15,home,7.0,12.0,30.0,VIPV50_Wp700,WINTER
15,work,7.0,298.0,745.0,VIPV50_Wp700,WINTER
15,public,7.0,223.0,557.5,VIPV50_Wp700,WINTER
16,home,7.5,10.0,25.0,VIPV50_Wp700,WINTER
16,work,7.5,337.0,842.5,VIPV50_Wp700,WINTER
16,public,7.5,232.0,580.0,VIPV50_Wp700,WINTER
17,home,8.0,17.0,42.5,VIPV50_Wp700,WINTER
17,work,8.0,195.0,487.5,VIPV50_Wp700,WINTER
17,public,8.0,195.0,487.5,VIPV50_Wp700,WINTER
18,home,8.5,41.0,102.5,VIPV50_Wp700,WINTER
18,work,8.5,107.0,267.5,VIPV50_Wp700,WINTER
18,public,8.5,177.0,442.5,VIPV50_Wp700,WINTER
19,home,9.0,53.0,132.5,VIPV50_Wp700,WINTER
19,work,9.0,52.0,130.0,VIPV50_Wp700,WINTER
19,public,9.0,168.0,420.0,VIPV50_Wp700,WINTER
20,home,9.5,73.0,182.5,VIPV50_Wp700,WINTER
20,work,9.5,47.0,117.5,VIPV50_Wp700,WINTER
20,public,9.5,171.0,427.5,VIPV50_Wp700,WINTER
21,home,10.0,106.0,265.0,VIPV50_Wp700,WINTER
21,work,10.0,33.0,82.5,VIPV50_Wp700,WINTER
21,public,10.0,219.0,547.5,VIPV50_Wp700,WINTER
22,home,10.5,116.0,290.0,VIPV50_Wp700,WINTER
22,work,10.5,50.0,125.0,VIPV50_Wp700,WINTER
22,public,10.5,206.0,515.0,VIPV50_Wp700,WINTER
23,home,11.0,172.0,430.0,VIPV50_Wp700,WINTER
23,work,11.0,25.0,62.5,VIPV50_Wp700,WINTER
23,public,11.0,248.0,620.0,VIPV50_Wp700,WINTER
24,home,11.5,188.0,470.0,VIPV50_Wp700,WINTER
24,work,11.5,45.0,112.5,VIPV50_Wp700,WINTER
24,public,11.5,250.0,625.0,VIPV50_Wp700,WINTER
25,home,12.0,243.0,607.5,VIPV50_Wp700,WINTER
25,work,12.0,57.0,142.5,VIPV50_Wp700,WINTER
25,public,12.0,243.0,607.5,VIPV50_Wp700,WINTER
26,home,12.5,251.0,627.5,VIPV50_Wp700,WINTER
26,work,12.5,66.0,165.0,VIPV50_Wp700,WINTER
26,public,12.5,264.0,660.0,VIPV50_Wp700,WINTER
27,home,13.0,247.0,617.5,VIPV50_Wp700,WINTER
27,work,13.0,43.0,107.5,VIPV50_Wp700,WINTER
27,public,13.0,244.0,610.0,VIPV50_Wp700,WINTER
28,home,13.5,267.0,667.5,VIPV50_Wp700,WINTER
28,work,13.5,20.0,50.0,VIPV50_Wp700,WINTER
28,public,13.5,214.0,535.0,VIPV50_Wp700,WINTER
29,home,14.0,326.0,815.0,VIPV50_Wp700,WINTER
29,work,14.0,23.0,57.5,VIPV50_Wp700,WINTER
29,public,14.0,213.0,532.5,VIPV50_Wp700,WINTER
30,home,14.5,328.0,820.0,VIPV50_Wp700,WINTER
30,work,14.5,7.0,17.5,VIPV50_Wp700,WINTER
30,public,14.5,199.0,497.5,VIPV50_Wp700,WINTER
31,home,15.0,342.0,855.0,VIPV50_Wp700,WINTER
31,work,15.0,11.0,27.5,VIPV50_Wp700,WINTER
31,public,15.0,200.0,500.0,VIPV50_Wp700,WINTER
32,home,15.5,443.0,1107.5,VIPV50_Wp700,WINTER
32,work,15.5,4.0,10.0,VIPV50_Wp700,WINTER
32,public,15.5,210.0,525.0,VIPV50_Wp700,WINTER
33,home,16.0,501.0,1252.5,VIPV50_Wp700,WINTER
33,work,16.0,8.0,20.0,VIPV50_Wp700,WINTER
33,public,16.0,234.0,585.0,VIPV50_Wp700,WINTER
34,home,16.5,511.0,1277.5,VIPV50_Wp700,WINTER
34,work,16.5,6.0,15.0,VIPV50_Wp700,WINTER
34,public,16.5,243.0,607.5,VIPV50_Wp700,WINTER
35,home,17.0,523.0,1307.5,VIPV50_Wp700,WINTER
35,work,17.0,7.0,17.5,VIPV50_Wp700,WINTER
35,public,17.0,244.0,610.0,VIPV50_Wp700,WINTER
36,home,17.5,418.0,1045.0,VIPV50_Wp700,WINTER
36,work,17.5,4.0,10.0,VIPV50_Wp700,WINTER
36,public,17.5,179.0,447.5,VIPV50_Wp700,WINTER
37,home,18.0,417.0,1042.5,VIPV50_Wp700,WINTER
37,work,18.0,5.0,12.5,VIPV50_Wp700,WINTER
37,public,18.0,156.0,390.0,VIPV50_Wp700,WINTER
38,home,18.5,304.0,760.0,VIPV50_Wp700,WINTER
38,work,18.5,1.0,2.5,VIPV50_Wp700,WINTER
38,public,18.5,128.0,320.0,VIPV50_Wp700,WINTER
39,home,19.0,237.0,592.5,VIPV50_Wp700,WINTER
39,work,19.0,3.0,7.5,VIPV50_Wp700,WINTER
39,public,19.0,86.0,215.0,VIPV50_Wp700,WINTER
40,home,19.5,244.0,610.0,VIPV50_Wp700,WINTER
40,work,19.5,1.0,2.5,VIPV50_Wp700,WINTER
40,public,19.5,76.0,190.0,VIPV50_Wp700,WINTER
41,home,20.0,175.0,437.5,VIPV50_Wp700,WINTER
41,work,20.0,0.0,0.0,VIPV50_Wp700,WINTER
41,public,20.0,54.0,135.0,VIPV50_Wp700,WINTER
42,home,20.5,133.0,332.5,VIPV50_Wp700,WINTER
42,work,20.5,0.0,0.0,VIPV50_Wp700,WINTER
42,public,20.5,45.0,112.5,VIPV50_Wp700,WINTER
43,home,21.0,114.0,285.0,VIPV50_Wp700,WINTER
43,work,21.0,0.0,0.0,VIPV50_Wp700,WINTER
43,public,21.0,40.0,100.0,VIPV50_Wp700,WINTER
44,home,21.5,91.0,227.5,VIPV50_Wp700,WINTER
44,work,21.5,0.0,0.0,VIPV50_Wp700,WINTER
44,public,21.5,14.0,35.0,VIPV50_Wp700,WINTER
45,home,22.0,439.0,1097.5,VIPV50_Wp700,WINTER
45,work,22.0,0.0,0.0,VIPV50_Wp700,WINTER
45,public,22.0,69.0,172.5,VIPV50_Wp700,WINTER
46,home,22.5,568.0,1420.0,VIPV50_Wp700,WINTER
46,work,22.5,0.0,0.0,VIPV50_Wp700,WINTER
46,public,22.5,91.0,227.5,VIPV50_Wp700,WINTER
47,home,23.0,532.0,1330.0,VIPV50_Wp700,WINTER
47,work,23.0,0.0,0.0,VIPV50_Wp700,WINTER
47,public,23.0,93.0,232.5,VIPV50_Wp700,WINTER
48,home,23.5,423.0,1057.5,VIPV50_Wp700,WINTER
48,work,23.5,0.0,0.0,VIPV50_Wp700,WINTER
48,public,23.5,79.0,197.5,VIPV50_Wp700,WINTER
