iterationNumber;sumRangeAnxiety;rangeAnxietyScoringPersons;meanRangeAnxiety;sumEmptyBattery;emptyBatteryScoringPersons;meanEmptyBattery;sumWalkingDistance;walkingDistanceScoringPersons;meanWalkingDistance;sumHomeCharging;homeChargingScoringPersons;meanHomeCharging;sumEnergyBalance;energyBalanceScoringPersons;meanEnergyBalance
0;-12066.000172125317;684.0;-17.640351128838184;-77265.0;449.0;-172.08240534521158;0.0;0.0;NaN;0.0;0.0;NaN;0.0;0.0;NaN
1;-8630.096031246518;561.0;-15.383415385466163;-34785.0;228.0;-152.56578947368422;-244.70387182984356;601.0;-0.4071611844090575;0.0;223.0;0.0;0.0;0.0;NaN
2;-7706.801696011136;510.0;-15.11137587453164;-27600.0;193.0;-143.00518134715026;-312.09009021631476;609.0;-0.51246320232564;0.0;264.0;0.0;0.0;0.0;NaN
3;-6680.948894371002;466.0;-14.33680020251288;-24150.0;173.0;-139.59537572254337;-360.8881848309125;656.0;-0.5501344280959032;0.0;297.0;0.0;0.0;0.0;NaN
4;-5840.284711623739;445.0;-13.124235307019639;-19425.0;146.0;-133.04794520547946;-407.7145404807682;660.0;-0.6177493037587397;0.0;321.0;0.0;0.0;0.0;NaN
5;-5211.912625672868;416.0;-12.528636119405933;-16935.0;130.0;-130.26923076923077;-450.8614099235996;689.0;-0.6543706965509428;0.0;358.0;0.0;0.0;0.0;NaN
6;-4745.9738460915705;393.0;-12.076269328477279;-16185.0;121.0;-133.7603305785124;-470.76721937636404;688.0;-0.6842546793261105;0.0;366.0;0.0;0.0;0.0;NaN
7;-4516.607442093036;368.0;-12.273389788296294;-14865.0;110.0;-135.13636363636363;-514.0235300843894;703.0;-0.7311856757957176;0.0;374.0;0.0;0.0;0.0;NaN
8;-3871.516082980135;346.0;-11.189352840983048;-12765.0;94.0;-135.79787234042553;-532.4088734971423;728.0;-0.7313308701883823;0.0;395.0;0.0;0.0;0.0;NaN
9;-3679.496753397985;318.0;-11.570744507540832;-11295.0;80.0;-141.1875;-560.6369560754633;746.0;-0.7515240698062511;0.0;432.0;0.0;0.0;0.0;NaN
10;-3206.8650473348252;300.0;-10.689550157782751;-9390.0;71.0;-132.25352112676057;-590.7603785944559;751.0;-0.78663166257584;0.0;441.0;0.0;0.0;0.0;NaN
11;-2965.4965698705755;291.0;-10.190709862098197;-8070.0;65.0;-124.15384615384616;-592.064934209067;763.0;-0.7759697696055924;0.0;448.0;0.0;0.0;0.0;NaN
12;-2752.7001779374755;286.0;-9.62482579698418;-7845.0;58.0;-135.25862068965517;-606.5325145894406;755.0;-0.8033543239595239;0.0;444.0;0.0;0.0;0.0;NaN
13;-2551.697290291095;279.0;-9.14586842398242;-6705.0;53.0;-126.50943396226415;-613.4297690572733;754.0;-0.8135673329672061;0.0;461.0;0.0;0.0;0.0;NaN
14;-2240.747419931158;269.0;-8.329916059223637;-6765.0;46.0;-147.06521739130434;-621.2143851483931;769.0;-0.8078210470070132;0.0;466.0;0.0;0.0;0.0;NaN
15;-2120.0914643394153;253.0;-8.379808159444329;-5670.0;38.0;-149.21052631578948;-634.5895119041545;753.0;-0.8427483557824097;0.0;454.0;0.0;0.0;0.0;NaN
16;-2008.1375255906044;253.0;-7.937302472690136;-5925.0;40.0;-148.125;-620.0283276463538;766.0;-0.8094364590683469;0.0;488.0;0.0;0.0;0.0;NaN
17;-1916.7557308463274;244.0;-7.855556273960358;-5085.0;36.0;-141.25;-631.4043295033478;764.0;-0.8264454574651149;0.0;495.0;0.0;0.0;0.0;NaN
18;-1943.2982130107682;244.0;-7.964336938568723;-4740.0;36.0;-131.66666666666666;-645.8809047296232;774.0;-0.8344714531390481;0.0;496.0;0.0;0.0;0.0;NaN
19;-1785.3857200375114;230.0;-7.762546608858745;-4230.0;36.0;-117.5;-663.1371133119217;750.0;-0.8841828177492289;0.0;490.0;0.0;0.0;0.0;NaN
20;-1625.4578762406682;225.0;-7.224257227736303;-3615.0;28.0;-129.10714285714286;-644.167845259499;773.0;-0.8333348580329871;0.0;506.0;0.0;0.0;0.0;NaN
21;-1578.192698856978;223.0;-7.077097304291382;-3570.0;30.0;-119.0;-657.5845524382598;774.0;-0.8495924450106717;0.0;515.0;0.0;0.0;0.0;NaN
22;-1476.056845726754;194.0;-7.608540441890485;-3285.0;26.0;-126.34615384615384;-671.9503484210397;773.0;-0.8692760005446827;0.0;506.0;0.0;0.0;0.0;NaN
23;-1389.2555594483676;189.0;-7.350558515599829;-3015.0;27.0;-111.66666666666667;-673.6614982061005;787.0;-0.855986655916265;0.0;522.0;0.0;0.0;0.0;NaN
24;-1279.9555766308927;196.0;-6.5303855950555745;-2775.0;24.0;-115.625;-650.0299844793685;764.0;-0.8508245870148803;0.0;516.0;0.0;0.0;0.0;NaN
25;-1352.0840101719946;205.0;-6.595531756936559;-2700.0;23.0;-117.3913043478261;-657.5866896335698;777.0;-0.8463149158733202;0.0;524.0;0.0;0.0;0.0;NaN
26;-1302.2836527704358;191.0;-6.818239019740501;-2580.0;22.0;-117.27272727272727;-678.2645949656894;788.0;-0.8607418717838698;0.0;535.0;0.0;0.0;0.0;NaN
27;-1245.7036945662537;197.0;-6.323369007950527;-2745.0;23.0;-119.34782608695652;-686.919794629017;782.0;-0.878414059627899;0.0;546.0;0.0;0.0;0.0;NaN
28;-1173.911603901729;197.0;-5.958942151785426;-2265.0;19.0;-119.21052631578948;-695.4186835645927;769.0;-0.9043155833089632;0.0;523.0;0.0;0.0;0.0;NaN
29;-1225.9544387965082;189.0;-6.486531422203747;-2265.0;18.0;-125.83333333333333;-681.0612272889629;790.0;-0.8621028193531175;0.0;539.0;0.0;0.0;0.0;NaN
30;-1081.7903729660732;183.0;-5.911422803093296;-1920.0;19.0;-101.05263157894737;-696.9342475832784;789.0;-0.8833133682931286;0.0;542.0;0.0;0.0;0.0;NaN
31;-1016.9137396873755;185.0;-5.496831025337165;-1500.0;16.0;-93.75;-680.6606405141814;796.0;-0.8551013071786199;0.0;550.0;0.0;0.0;0.0;NaN
32;-1079.7389779220514;179.0;-6.032061329173471;-1740.0;19.0;-91.57894736842105;-704.2757513567373;786.0;-0.8960251289525919;0.0;540.0;0.0;0.0;0.0;NaN
33;-1027.0227401922864;169.0;-6.077057634273884;-1635.0;16.0;-102.1875;-679.6449152530962;784.0;-0.8668940245575206;0.0;552.0;0.0;0.0;0.0;NaN
34;-915.8167017806459;174.0;-5.263314378049689;-1305.0;16.0;-81.5625;-695.2519480932473;799.0;-0.8701526258989327;0.0;561.0;0.0;0.0;0.0;NaN
35;-1020.0266307214871;170.0;-6.0001566513028655;-1515.0;16.0;-94.6875;-687.2938497188723;780.0;-0.8811459611780413;0.0;554.0;0.0;0.0;0.0;NaN
36;-858.3624365606314;167.0;-5.13989482970438;-930.0;13.0;-71.53846153846153;-691.0918857934613;784.0;-0.8814947522875782;0.0;543.0;0.0;0.0;0.0;NaN
37;-852.5710900226779;157.0;-5.4303891084247;-1065.0;14.0;-76.07142857142857;-692.8242427079618;798.0;-0.8682008053984485;0.0;564.0;0.0;0.0;0.0;NaN
38;-842.0148077266952;169.0;-4.982336140394646;-1035.0;15.0;-69.0;-669.3156623575164;796.0;-0.8408488220571815;0.0;562.0;0.0;0.0;0.0;NaN
39;-840.6517869963875;161.0;-5.221439670785015;-1290.0;14.0;-92.14285714285714;-672.1498647756556;799.0;-0.8412388795690308;0.0;570.0;0.0;0.0;0.0;NaN
40;-799.0698664127548;160.0;-4.9941866650797175;-1290.0;11.0;-117.27272727272727;-666.1077223045789;810.0;-0.8223552127217024;0.0;577.0;0.0;0.0;0.0;NaN
41;-831.9834483186536;161.0;-5.167599057879836;-1245.0;11.0;-113.18181818181819;-668.6809395776762;806.0;-0.8296289572924023;0.0;571.0;0.0;0.0;0.0;NaN
42;-609.1098002821589;147.0;-4.143604083552101;-765.0;9.0;-85.0;-667.5311110685104;805.0;-0.829231193873926;0.0;563.0;0.0;0.0;0.0;NaN
43;-611.0896734371057;156.0;-3.9172414963917035;-570.0;8.0;-71.25;-643.6786791981245;780.0;-0.8252290758950315;0.0;556.0;0.0;0.0;0.0;NaN
44;-726.9118540437596;152.0;-4.78231482923526;-690.0;9.0;-76.66666666666667;-654.2230965170587;785.0;-0.8334052184930684;0.0;560.0;0.0;0.0;0.0;NaN
45;-600.9083196509905;150.0;-4.006055464339937;-525.0;7.0;-75.0;-657.2710100041525;807.0;-0.8144622180968432;0.0;576.0;0.0;0.0;0.0;NaN
46;-493.4740775493776;143.0;-3.450867675170473;-420.0;6.0;-70.0;-666.4674803136259;795.0;-0.8383238746083345;0.0;559.0;0.0;0.0;0.0;NaN
47;-386.0583484644416;142.0;-2.7187207638340958;-585.0;8.0;-73.125;-649.4064356710733;784.0;-0.8283245352947363;0.0;567.0;0.0;0.0;0.0;NaN
48;-430.6694719167806;133.0;-3.238116330201358;-315.0;5.0;-63.0;-662.1617081358687;805.0;-0.8225611281190915;0.0;583.0;0.0;0.0;0.0;NaN
49;-432.06180080814426;145.0;-2.9797365572975467;-240.0;5.0;-48.0;-639.992698930889;799.0;-0.8009921138058685;0.0;584.0;0.0;0.0;0.0;NaN
50;-397.96009995227155;136.0;-2.9261772055314084;-255.0;5.0;-51.0;-657.9829754177159;794.0;-0.8286939236998941;0.0;569.0;0.0;0.0;0.0;NaN
51;-453.1227795821802;149.0;-3.041092480417317;-375.0;6.0;-62.5;-632.3119754309233;794.0;-0.7963626894596012;0.0;581.0;0.0;0.0;0.0;NaN
52;-339.64550466468444;154.0;-2.2054902900304185;-165.0;3.0;-55.0;-540.6299170060123;730.0;-0.7405889274054963;0.0;566.0;0.0;0.0;0.0;NaN
53;-343.4001152928;155.0;-2.215484614792258;-165.0;3.0;-55.0;-549.04522950277;734.0;-0.7480180238457357;0.0;569.0;0.0;0.0;0.0;NaN
54;-358.4354726714109;158.0;-2.268578940958297;-165.0;3.0;-55.0;-529.55284584302;716.0;-0.7395989467081285;0.0;558.0;0.0;0.0;0.0;NaN
55;-342.91986211878816;155.0;-2.212386207217988;-165.0;3.0;-55.0;-536.1957444158639;735.0;-0.7295180196134203;0.0;568.0;0.0;0.0;0.0;NaN
56;-352.11711588256384;159.0;-2.2145730558651815;-165.0;3.0;-55.0;-530.1925786256342;720.0;-0.7363785814244919;0.0;561.0;0.0;0.0;0.0;NaN
57;-342.71382801621576;152.0;-2.2546962369487877;-165.0;3.0;-55.0;-540.8711308842531;730.0;-0.7409193573756893;0.0;563.0;0.0;0.0;0.0;NaN
58;-327.1081952098382;147.0;-2.2252258177540014;-165.0;3.0;-55.0;-529.0011622480828;717.0;-0.7377979947672005;0.0;561.0;0.0;0.0;0.0;NaN
59;-335.6774145390953;151.0;-2.223029235358247;-165.0;3.0;-55.0;-541.1917449354943;727.0;-0.744417805963541;0.0;563.0;0.0;0.0;0.0;NaN
60;-345.6443282941207;157.0;-2.2015562311727437;-165.0;3.0;-55.0;-525.7875580975301;726.0;-0.7242252866357164;0.0;568.0;0.0;0.0;0.0;NaN
