Scenario,Season,Period,Sample_event_count_selected_days,Fullscale_avg_daily_sessions
noVIPV,SPRING,Night,2349,5872.5
noVIPV,SPRING,Morning,4834,12085.0
noVIPV,SPRING,Afternoon,7751,19377.5
noVIPV,SPRING,Evening,2560,6400.0
noVIPV,SUMMER,Night,627,1567.5
noVIPV,SUMMER,Morning,4904,12260.0
noVIPV,SUMMER,Afternoon,7692,19230.0
noVIPV,SUMMER,Evening,4735,11837.5
noVIPV,AUTUMN,Night,2370,5925.0
noVIPV,AUTUMN,Morning,4617,11542.5
noVIPV,AUTUMN,Afternoon,7490,18725.0
noVIPV,AUTUMN,Evening,2875,7187.5
noVIPV,WINTER,Night,649,1622.5
noVIPV,WINTER,Morning,4683,11707.5
noVIPV,WINTER,Afternoon,7433,18582.5
noVIPV,WINTER,Evening,4732,11830.0
VIPV20_Wp400,SPRING,Night,2352,5880.0
VIPV20_Wp400,SPRING,Morning,4780,11950.0
VIPV20_Wp400,SPRING,Afternoon,7425,18562.5
VIPV20_Wp400,SPRING,Evening,2497,6242.5
VIPV20_Wp400,SUMMER,Night,597,1492.5
VIPV20_Wp400,SUMMER,Morning,4615,11537.5
VIPV20_Wp400,SUMMER,Afternoon,7335,18337.5
VIPV20_Wp400,SUMMER,Evening,4639,11597.5
VIPV20_Wp400,AUTUMN,Night,2328,5820.0
VIPV20_Wp400,AUTUMN,Morning,4584,11460.0
VIPV20_Wp400,AUTUMN,Afternoon,7587,18967.5
VIPV20_Wp400,AUTUMN,Evening,2770,6925.0
VIPV20_Wp400,WINTER,Night,658,1645.0
VIPV20_Wp400,WINTER,Morning,4657,11642.5
VIPV20_Wp400,WINTER,Afternoon,7443,18607.5
VIPV20_Wp400,WINTER,Evening,4736,11840.0
VIPV20_Wp700,SPRING,Night,2308,5770.0
VIPV20_Wp700,SPRING,Morning,4656,11640.0
VIPV20_Wp700,SPRING,Afternoon,7282,18205.0
VIPV20_Wp700,SPRING,Evening,2453,6132.5
VIPV20_Wp700,SUMMER,Night,579,1447.5
VIPV20_Wp700,SUMMER,Morning,4623,11557.5
VIPV20_Wp700,SUMMER,Afternoon,7448,18620.0
VIPV20_Wp700,SUMMER,Evening,4478,11195.0
VIPV20_Wp700,AUTUMN,Night,2271,5677.5
VIPV20_Wp700,AUTUMN,Morning,4521,11302.5
VIPV20_Wp700,AUTUMN,Afternoon,7474,18685.0
VIPV20_Wp700,AUTUMN,Evening,2712,6780.0
VIPV20_Wp700,WINTER,Night,657,1642.5
VIPV20_Wp700,WINTER,Morning,4687,11717.5
VIPV20_Wp700,WINTER,Afternoon,7350,18375.0
VIPV20_Wp700,WINTER,Evening,4668,11670.0
VIPV20_Wp1000,SPRING,Night,2249,5622.5
VIPV20_Wp1000,SPRING,Morning,4443,11107.5
VIPV20_Wp1000,SPRING,Afternoon,7150,17875.0
VIPV20_Wp1000,SPRING,Evening,2390,5975.0
VIPV20_Wp1000,SUMMER,Night,579,1447.5
VIPV20_Wp1000,SUMMER,Morning,4572,11430.0
VIPV20_Wp1000,SUMMER,Afternoon,7280,18200.0
VIPV20_Wp1000,SUMMER,Evening,4584,11460.0
VIPV20_Wp1000,AUTUMN,Night,2236,5590.0
VIPV20_Wp1000,AUTUMN,Morning,4525,11312.5
VIPV20_Wp1000,AUTUMN,Afternoon,7402,18505.0
VIPV20_Wp1000,AUTUMN,Evening,2721,6802.5
VIPV20_Wp1000,WINTER,Night,645,1612.5
VIPV20_Wp1000,WINTER,Morning,4663,11657.5
VIPV20_Wp1000,WINTER,Afternoon,7441,18602.5
VIPV20_Wp1000,WINTER,Evening,4712,11780.0
VIPV50_Wp400,SPRING,Night,2293,5732.5
VIPV50_Wp400,SPRING,Morning,4571,11427.5
VIPV50_Wp400,SPRING,Afternoon,6981,17452.5
VIPV50_Wp400,SPRING,Evening,2401,6002.5
VIPV50_Wp400,SUMMER,Night,576,1440.0
VIPV50_Wp400,SUMMER,Morning,4539,11347.5
VIPV50_Wp400,SUMMER,Afternoon,7094,17735.0
VIPV50_Wp400,SUMMER,Evening,4425,11062.5
VIPV50_Wp400,AUTUMN,Night,2183,5457.5
VIPV50_Wp400,AUTUMN,Morning,4470,11175.0
VIPV50_Wp400,AUTUMN,Afternoon,7452,18630.0
VIPV50_Wp400,AUTUMN,Evening,2702,6755.0
VIPV50_Wp400,WINTER,Night,649,1622.5
VIPV50_Wp400,WINTER,Morning,4656,11640.0
VIPV50_Wp400,WINTER,Afternoon,7433,18582.5
VIPV50_Wp400,WINTER,Evening,4606,11515.0
VIPV50_Wp700,SPRING,Night,2108,5270.0
VIPV50_Wp700,SPRING,Morning,4289,10722.5
VIPV50_Wp700,SPRING,Afternoon,6754,16885.0
VIPV50_Wp700,SPRING,Evening,2300,5750.0
VIPV50_Wp700,SUMMER,Night,531,1327.5
VIPV50_Wp700,SUMMER,Morning,4246,10615.0
VIPV50_Wp700,SUMMER,Afternoon,6895,17237.5
VIPV50_Wp700,SUMMER,Evening,4275,10687.5
VIPV50_Wp700,AUTUMN,Night,2236,5590.0
VIPV50_Wp700,AUTUMN,Morning,4364,10910.0
VIPV50_Wp700,AUTUMN,Afternoon,7306,18265.0
VIPV50_Wp700,AUTUMN,Evening,2719,6797.5
VIPV50_Wp700,WINTER,Night,649,1622.5
VIPV50_Wp700,WINTER,Morning,4549,11372.5
VIPV50_Wp700,WINTER,Afternoon,7347,18367.5
VIPV50_Wp700,WINTER,Evening,4619,11547.5
VIPV50_Wp1000,SPRING,Night,2073,5182.5
VIPV50_Wp1000,SPRING,Morning,4110,10275.0
VIPV50_Wp1000,SPRING,Afternoon,6662,16655.0
VIPV50_Wp1000,SPRING,Evening,2141,5352.5
VIPV50_Wp1000,SUMMER,Night,514,1285.0
VIPV50_Wp1000,SUMMER,Morning,4127,10317.5
VIPV50_Wp1000,SUMMER,Afternoon,6606,16515.0
VIPV50_Wp1000,SUMMER,Evening,4117,10292.5
VIPV50_Wp1000,AUTUMN,Night,2229,5572.5
VIPV50_Wp1000,AUTUMN,Morning,4253,10632.5
VIPV50_Wp1000,AUTUMN,Afternoon,7099,17747.5
VIPV50_Wp1000,AUTUMN,Evening,2657,6642.5
VIPV50_Wp1000,WINTER,Night,641,1602.5
VIPV50_Wp1000,WINTER,Morning,4422,11055.0
VIPV50_Wp1000,WINTER,Afternoon,7146,17865.0
VIPV50_Wp1000,WINTER,Evening,4538,11345.0
VIPV80_Wp400,SPRING,Night,2193,5482.5
VIPV80_Wp400,SPRING,Morning,4256,10640.0
VIPV80_Wp400,SPRING,Afternoon,6828,17070.0
VIPV80_Wp400,SPRING,Evening,2300,5750.0
VIPV80_Wp400,SUMMER,Night,550,1375.0
VIPV80_Wp400,SUMMER,Morning,4347,10867.5
VIPV80_Wp400,SUMMER,Afternoon,6790,16975.0
VIPV80_Wp400,SUMMER,Evening,4278,10695.0
VIPV80_Wp400,AUTUMN,Night,2251,5627.5
VIPV80_Wp400,AUTUMN,Morning,4366,10915.0
VIPV80_Wp400,AUTUMN,Afternoon,7246,18115.0
VIPV80_Wp400,AUTUMN,Evening,2705,6762.5
VIPV80_Wp400,WINTER,Night,674,1685.0
VIPV80_Wp400,WINTER,Morning,4612,11530.0
VIPV80_Wp400,WINTER,Afternoon,7272,18180.0
VIPV80_Wp400,WINTER,Evening,4561,11402.5
VIPV80_Wp700,SPRING,Night,1986,4965.0
VIPV80_Wp700,SPRING,Morning,3941,9852.5
VIPV80_Wp700,SPRING,Afternoon,6296,15740.0
VIPV80_Wp700,SPRING,Evening,2144,5360.0
VIPV80_Wp700,SUMMER,Night,501,1252.5
VIPV80_Wp700,SUMMER,Morning,3888,9720.0
VIPV80_Wp700,SUMMER,Afternoon,6392,15980.0
VIPV80_Wp700,SUMMER,Evening,4011,10027.5
VIPV80_Wp700,AUTUMN,Night,2200,5500.0
VIPV80_Wp700,AUTUMN,Morning,4267,10667.5
VIPV80_Wp700,AUTUMN,Afternoon,7088,17720.0
VIPV80_Wp700,AUTUMN,Evening,2601,6502.5
VIPV80_Wp700,WINTER,Night,638,1595.0
VIPV80_Wp700,WINTER,Morning,4515,11287.5
VIPV80_Wp700,WINTER,Afternoon,7238,18095.0
VIPV80_Wp700,WINTER,Evening,4579,11447.5
VIPV80_Wp1000,SPRING,Night,1821,4552.5
VIPV80_Wp1000,SPRING,Morning,3636,9090.0
VIPV80_Wp1000,SPRING,Afternoon,5978,14945.0
VIPV80_Wp1000,SPRING,Evening,2031,5077.5
VIPV80_Wp1000,SUMMER,Night,479,1197.5
VIPV80_Wp1000,SUMMER,Morning,3656,9140.0
VIPV80_Wp1000,SUMMER,Afternoon,6089,15222.5
VIPV80_Wp1000,SUMMER,Evening,3734,9335.0
VIPV80_Wp1000,AUTUMN,Night,2100,5250.0
VIPV80_Wp1000,AUTUMN,Morning,4054,10135.0
VIPV80_Wp1000,AUTUMN,Afternoon,6788,16970.0
VIPV80_Wp1000,AUTUMN,Evening,2620,6550.0
VIPV80_Wp1000,WINTER,Night,628,1570.0
VIPV80_Wp1000,WINTER,Morning,4415,11037.5
VIPV80_Wp1000,WINTER,Afternoon,7015,17537.5
VIPV80_Wp1000,WINTER,Evening,4427,11067.5
