Scenario,Period,chargerAccessType,Fullscale_avg_daily_actual_charging_h,Annual_total_actual_charging_h
noVIPV,Night,home,14249.509589041096,5201071.0
noVIPV,Night,work,152.50739155251142,55665.19791666667
noVIPV,Night,public,1150.669948630137,419994.53125
noVIPV,Morning,home,1939.0479337899544,707752.4958333333
noVIPV,Morning,work,6015.410211187214,2195624.7270833333
noVIPV,Morning,public,4664.9448401826485,1702704.8666666667
noVIPV,Afternoon,home,17978.747503805174,6562242.838888888
noVIPV,Afternoon,work,1228.6304356925418,448450.10902777774
noVIPV,Afternoon,public,6383.939878234399,2330138.0555555555
noVIPV,Evening,home,24451.754138127853,8924890.260416666
noVIPV,Evening,work,53.72696156773211,19610.34097222222
noVIPV,Evening,public,2747.146721841704,1002708.5534722221
VIPV20_Wp400,Night,home,14042.043491248098,5125345.874305556
VIPV20_Wp400,Night,work,136.18207762557077,49706.45833333333
VIPV20_Wp400,Night,public,1148.9562442922374,419369.0291666667
VIPV20_Wp400,Morning,home,1939.7603919330288,708012.5430555556
VIPV20_Wp400,Morning,work,5707.582450532725,2083267.5944444444
VIPV20_Wp400,Morning,public,4603.231914003044,1680179.648611111
VIPV20_Wp400,Afternoon,home,17739.33802130898,6474858.377777778
VIPV20_Wp400,Afternoon,work,1297.837049086758,473710.5229166667
VIPV20_Wp400,Afternoon,public,6171.435456621004,2252573.9416666664
VIPV20_Wp400,Evening,home,23729.07685692542,8661113.052777778
VIPV20_Wp400,Evening,work,47.65969178082192,17395.787500000002
VIPV20_Wp400,Evening,public,2670.6856221461185,974800.2520833332
VIPV20_Wp700,Night,home,13778.793268645359,5029259.543055556
VIPV20_Wp700,Night,work,126.03020357686454,46001.024305555555
VIPV20_Wp700,Night,public,1142.8440106544901,417138.0638888889
VIPV20_Wp700,Morning,home,1934.6389060121762,706143.2006944444
VIPV20_Wp700,Morning,work,5757.657315449011,2101544.920138889
VIPV20_Wp700,Morning,public,4635.084689878235,1691805.9118055557
VIPV20_Wp700,Afternoon,home,17569.32389459665,6412803.221527778
VIPV20_Wp700,Afternoon,work,1198.6566248097413,437509.66805555555
VIPV20_Wp700,Afternoon,public,6113.984942922374,2231604.5041666664
VIPV20_Wp700,Evening,home,23498.329404490105,8576890.232638888
VIPV20_Wp700,Evening,work,55.09483257229832,20109.61388888889
VIPV20_Wp700,Evening,public,2575.6922983257227,940127.6888888888
VIPV20_Wp1000,Night,home,13681.1487652207,4993619.299305555
VIPV20_Wp1000,Night,work,131.7592085235921,48092.11111111112
VIPV20_Wp1000,Night,public,1098.2489136225267,400860.8534722223
VIPV20_Wp1000,Morning,home,1879.5896175799087,686050.2104166667
VIPV20_Wp1000,Morning,work,5589.804315068493,2040278.5750000002
VIPV20_Wp1000,Morning,public,4540.058293378995,1657121.277083333
VIPV20_Wp1000,Afternoon,home,17318.476023592084,6321243.74861111
VIPV20_Wp1000,Afternoon,work,1249.926719939117,456223.2527777777
VIPV20_Wp1000,Afternoon,public,6027.300643074582,2199964.734722222
VIPV20_Wp1000,Evening,home,23500.441563926943,8577661.170833334
VIPV20_Wp1000,Evening,work,69.16385464231355,25244.806944444448
VIPV20_Wp1000,Evening,public,2588.7534151445966,944894.9965277778
VIPV50_Wp400,Night,home,13676.11276065449,4991781.157638889
VIPV50_Wp400,Night,work,134.1711815068493,48972.48125
VIPV50_Wp400,Night,public,1099.4460882800608,401297.8222222222
VIPV50_Wp400,Morning,home,1885.7498877473363,688298.7090277778
VIPV50_Wp400,Morning,work,5586.398519786911,2039035.4597222223
VIPV50_Wp400,Morning,public,4487.2539345509895,1637847.6861111112
VIPV50_Wp400,Afternoon,home,17279.978474124808,6307192.1430555545
VIPV50_Wp400,Afternoon,work,1177.1597850076103,429663.32152777776
VIPV50_Wp400,Afternoon,public,5948.9748820395735,2171375.831944444
VIPV50_Wp400,Evening,home,23039.656995814308,8409474.803472223
VIPV50_Wp400,Evening,work,56.515743911719944,20628.24652777778
VIPV50_Wp400,Evening,public,2642.5838907914767,964543.1201388891
VIPV50_Wp700,Night,home,13067.290308219179,4769560.9625
VIPV50_Wp700,Night,work,117.95629566210044,43054.04791666666
VIPV50_Wp700,Night,public,1096.0264973363776,400049.6715277778
VIPV50_Wp700,Morning,home,1801.7526445966514,657639.7152777778
VIPV50_Wp700,Morning,work,5292.870262557078,1931897.6458333333
VIPV50_Wp700,Morning,public,4266.056230974124,1557110.5243055555
VIPV50_Wp700,Afternoon,home,16719.03533105023,6102447.895833333
VIPV50_Wp700,Afternoon,work,1116.36849695586,407474.5013888889
VIPV50_Wp700,Afternoon,public,5859.865003805174,2138850.7263888884
VIPV50_Wp700,Evening,home,22571.740574581432,8238685.309722222
VIPV50_Wp700,Evening,work,56.162505707762556,20499.314583333333
VIPV50_Wp700,Evening,public,2546.592364916286,929506.2131944444
VIPV50_Wp1000,Night,home,12781.027520928463,4665075.045138889
VIPV50_Wp1000,Night,work,119.2090525114155,43511.30416666666
VIPV50_Wp1000,Night,public,1016.6758751902587,371086.69444444444
VIPV50_Wp1000,Morning,home,1788.8596042617958,652933.7555555555
VIPV50_Wp1000,Morning,work,5145.602307838661,1878144.8423611112
VIPV50_Wp1000,Morning,public,4158.64891933029,1517906.8555555558
VIPV50_Wp1000,Afternoon,home,16183.806714231358,5907089.4506944455
VIPV50_Wp1000,Afternoon,work,1082.2075970319636,395005.7729166667
VIPV50_Wp1000,Afternoon,public,5706.302676940639,2082800.477083333
VIPV50_Wp1000,Evening,home,21910.545019025874,7997348.931944444
VIPV50_Wp1000,Evening,work,47.01947298325724,17162.10763888889
VIPV50_Wp1000,Evening,public,2414.6425989345507,881344.548611111
VIPV80_Wp400,Night,home,13316.894210426177,4860666.386805555
VIPV80_Wp400,Night,work,133.07486681887366,48572.32638888888
VIPV80_Wp400,Night,public,1056.0628862252663,385462.9534722222
VIPV80_Wp400,Morning,home,1811.41923325723,661168.020138889
VIPV80_Wp400,Morning,work,5389.5947241248095,1967202.0743055556
VIPV80_Wp400,Morning,public,4254.1449999999995,1552762.9249999998
VIPV80_Wp400,Afternoon,home,16646.36223934551,6075922.217361112
VIPV80_Wp400,Afternoon,work,1118.1026369863014,408107.4625
VIPV80_Wp400,Afternoon,public,5786.126556316591,2111936.1930555557
VIPV80_Wp400,Evening,home,22787.315418569255,8317370.127777778
VIPV80_Wp400,Evening,work,52.168103120243536,19041.35763888889
VIPV80_Wp400,Evening,public,2477.121208143075,904149.2409722223
VIPV80_Wp700,Night,home,12532.97636605784,4574536.373611111
VIPV80_Wp700,Night,work,119.25255136986301,43527.18125
VIPV80_Wp700,Night,public,1015.5454452054795,370674.0875
VIPV80_Wp700,Morning,home,1803.6678139269407,658338.7520833333
VIPV80_Wp700,Morning,work,5100.427264079147,1861655.9513888885
VIPV80_Wp700,Morning,public,3967.882477168949,1448277.1041666665
VIPV80_Wp700,Afternoon,home,15889.498974505326,5799667.125694444
VIPV80_Wp700,Afternoon,work,1068.2131069254185,389897.7840277778
VIPV80_Wp700,Afternoon,public,5573.093649162861,2034179.1819444443
VIPV80_Wp700,Evening,home,21547.31878805175,7864771.357638889
VIPV80_Wp700,Evening,work,54.05536910197869,19730.209722222222
VIPV80_Wp700,Evening,public,2362.4893131659055,862308.5993055555
VIPV80_Wp1000,Night,home,11760.931381278539,4292739.954166667
VIPV80_Wp1000,Night,work,110.33470509893455,40272.16736111111
VIPV80_Wp1000,Night,public,941.3543188736681,343594.3263888889
VIPV80_Wp1000,Morning,home,1683.0845395738204,614325.8569444445
VIPV80_Wp1000,Morning,work,4814.190768645358,1757179.6305555557
VIPV80_Wp1000,Morning,public,3781.2276331811263,1380148.086111111
VIPV80_Wp1000,Afternoon,home,15059.998196347033,5496899.341666667
VIPV80_Wp1000,Afternoon,work,993.220201674277,362525.3736111111
VIPV80_Wp1000,Afternoon,public,5292.490363394217,1931758.982638889
VIPV80_Wp1000,Evening,home,20550.178696727548,7500815.224305555
VIPV80_Wp1000,Evening,work,52.48477359208524,19156.942361111112
VIPV80_Wp1000,Evening,public,2295.7017884322677,837931.1527777778
