HexID,slow_chargers,slow_footprint,slow_capacity_kWh_slot,medium_chargers,medium_footprint,medium_capacity_kWh_slot,fast_chargers,fast_footprint,fast_capacity_kWh_slot,PV_panels,Battery_units,Total_charger_footprint,Total_public_capacity_kWh_slot
0,0.0,0.0,0.0,4.0,20.0,44.0,0.0,0.0,0.0,0.0,0.0,20.0,44.0
1,0.0,0.0,0.0,6.0,30.0,66.0,0.0,0.0,0.0,70.0,8.0,30.0,66.0
2,1.0,1.0,5.5,1.0,5.0,11.0,0.0,0.0,0.0,0.0,0.0,6.0,16.5
3,1.0,1.0,5.5,2.0,10.0,22.0,0.0,0.0,0.0,52.0,4.0,11.0,27.5
4,0.0,0.0,0.0,0.0,0.0,0.0,0.0,0.0,0.0,0.0,0.0,0.0,0.0
5,0.0,0.0,0.0,3.0,15.0,33.0,0.0,0.0,0.0,0.0,0.0,15.0,33.0
6,0.0,0.0,0.0,3.0,15.0,33.0,0.0,0.0,0.0,36.0,3.0,15.0,33.0
7,0.0,0.0,0.0,3.0,15.0,33.0,0.0,0.0,0.0,0.0,0.0,15.0,33.0
8,0.0,0.0,0.0,0.0,0.0,0.0,0.0,0.0,0.0,0.0,0.0,0.0,0.0
9,0.0,0.0,0.0,0.0,0.0,0.0,0.0,0.0,0.0,0.0,0.0,0.0,0.0
10,0.0,0.0,0.0,4.0,20.0,44.0,1.0,150.0,25.0,0.0,0.0,170.0,69.0
11,0.0,0.0,0.0,3.0,15.0,33.0,0.0,0.0,0.0,24.0,2.0,15.0,33.0
12,0.0,0.0,0.0,4.0,20.0,44.0,0.0,0.0,0.0,100.0,5.0,20.0,44.0
13,1.0,1.0,5.5,1.0,5.0,11.0,0.0,0.0,0.0,0.0,0.0,6.0,16.5
14,0.0,0.0,0.0,0.0,0.0,0.0,0.0,0.0,0.0,0.0,0.0,0.0,0.0
15,1.0,1.0,5.5,2.0,10.0,22.0,0.0,0.0,0.0,0.0,0.0,11.0,27.5
16,0.0,0.0,0.0,2.0,10.0,22.0,0.0,0.0,0.0,0.0,0.0,10.0,22.0
17,0.0,0.0,0.0,2.0,10.0,22.0,0.0,0.0,0.0,0.0,0.0,10.0,22.0
18,0.0,0.0,0.0,2.0,10.0,22.0,0.0,0.0,0.0,0.0,0.0,10.0,22.0
19,1.0,1.0,5.5,1.0,5.0,11.0,0.0,0.0,0.0,0.0,0.0,6.0,16.5
20,0.0,0.0,0.0,5.0,25.0,55.0,0.0,0.0,0.0,93.0,6.0,25.0,55.0
21,0.0,0.0,0.0,2.0,10.0,22.0,0.0,0.0,0.0,0.0,0.0,10.0,22.0
22,0.0,0.0,0.0,0.0,0.0,0.0,0.0,0.0,0.0,0.0,0.0,0.0,0.0
23,0.0,0.0,0.0,3.0,15.0,33.0,0.0,0.0,0.0,0.0,0.0,15.0,33.0
24,0.0,0.0,0.0,0.0,0.0,0.0,0.0,0.0,0.0,0.0,0.0,0.0,0.0
25,0.0,0.0,0.0,4.0,20.0,44.0,0.0,0.0,0.0,0.0,0.0,20.0,44.0
26,0.0,0.0,0.0,1.0,5.0,11.0,1.0,150.0,25.0,0.0,0.0,155.0,36.0
27,0.0,0.0,0.0,4.0,20.0,44.0,0.0,0.0,0.0,0.0,0.0,20.0,44.0
28,1.0,1.0,5.5,4.0,20.0,44.0,0.0,0.0,0.0,97.0,4.0,21.0,49.5
29,1.0,1.0,5.5,2.0,10.0,22.0,0.0,0.0,0.0,0.0,0.0,11.0,27.5
30,0.0,0.0,0.0,3.0,15.0,33.0,0.0,0.0,0.0,0.0,0.0,15.0,33.0
31,1.0,1.0,5.5,1.0,5.0,11.0,0.0,0.0,0.0,11.0,1.0,6.0,16.5
32,0.0,0.0,0.0,0.0,0.0,0.0,0.0,0.0,0.0,0.0,0.0,0.0,0.0
33,0.0,0.0,0.0,0.0,0.0,0.0,0.0,0.0,0.0,0.0,0.0,0.0,0.0
34,0.0,0.0,0.0,2.0,10.0,22.0,0.0,0.0,0.0,0.0,0.0,10.0,22.0
35,0.0,0.0,0.0,0.0,0.0,0.0,0.0,0.0,0.0,0.0,0.0,0.0,0.0
36,0.0,0.0,0.0,4.0,20.0,44.0,0.0,0.0,0.0,0.0,0.0,20.0,44.0
37,0.0,0.0,0.0,2.0,10.0,22.0,0.0,0.0,0.0,0.0,0.0,10.0,22.0
38,1.0,1.0,5.5,4.0,20.0,44.0,0.0,0.0,0.0,0.0,0.0,21.0,49.5
39,1.0,1.0,5.5,4.0,20.0,44.0,0.0,0.0,0.0,116.0,4.0,21.0,49.5
40,1.0,1.0,5.5,3.0,15.0,33.0,0.0,0.0,0.0,0.0,0.0,16.0,38.5
41,0.0,0.0,0.0,0.0,0.0,0.0,0.0,0.0,0.0,0.0,0.0,0.0,0.0
42,1.0,1.0,5.5,2.0,10.0,22.0,0.0,0.0,0.0,0.0,0.0,11.0,27.5
43,4.0,4.0,22.0,5.0,25.0,55.0,0.0,0.0,0.0,206.0,7.0,29.0,77.0
44,0.0,0.0,0.0,0.0,0.0,0.0,0.0,0.0,0.0,0.0,0.0,0.0,0.0
45,1.0,1.0,5.5,2.0,10.0,22.0,0.0,0.0,0.0,65.0,3.0,11.0,27.5
46,0.0,0.0,0.0,6.0,30.0,66.0,0.0,0.0,0.0,271.0,8.0,30.0,66.0
47,0.0,0.0,0.0,0.0,0.0,0.0,0.0,0.0,0.0,0.0,0.0,0.0,0.0
48,0.0,0.0,0.0,0.0,0.0,0.0,0.0,0.0,0.0,0.0,0.0,0.0,0.0
49,0.0,0.0,0.0,0.0,0.0,0.0,0.0,0.0,0.0,0.0,0.0,0.0,0.0
50,0.0,0.0,0.0,0.0,0.0,0.0,0.0,0.0,0.0,0.0,0.0,0.0,0.0
51,0.0,0.0,0.0,1.0,5.0,11.0,0.0,0.0,0.0,0.0,0.0,5.0,11.0
52,1.0,1.0,5.5,3.0,15.0,33.0,0.0,0.0,0.0,0.0,0.0,16.0,38.5
53,0.0,0.0,0.0,6.0,30.0,66.0,0.0,0.0,0.0,124.0,6.0,30.0,66.0
54,1.0,1.0,5.5,3.0,15.0,33.0,0.0,0.0,0.0,0.0,0.0,16.0,38.5
55,1.0,1.0,5.5,1.0,5.0,11.0,0.0,0.0,0.0,0.0,0.0,6.0,16.5
56,0.0,0.0,0.0,5.0,25.0,55.0,1.0,150.0,25.0,283.0,8.0,175.0,80.0
57,12.0,12.0,66.0,2.0,10.0,22.0,0.0,0.0,0.0,158.0,8.0,22.0,88.0
58,0.0,0.0,0.0,4.0,20.0,44.0,0.0,0.0,0.0,0.0,0.0,20.0,44.0
59,0.0,0.0,0.0,3.0,15.0,33.0,0.0,0.0,0.0,33.0,3.0,15.0,33.0
60,0.0,0.0,0.0,2.0,10.0,22.0,0.0,0.0,0.0,0.0,0.0,10.0,22.0
61,0.0,0.0,0.0,2.0,10.0,22.0,0.0,0.0,0.0,0.0,0.0,10.0,22.0
62,0.0,0.0,0.0,3.0,15.0,33.0,0.0,0.0,0.0,0.0,0.0,15.0,33.0
63,0.0,0.0,0.0,0.0,0.0,0.0,0.0,0.0,0.0,0.0,0.0,0.0,0.0
64,1.0,1.0,5.5,3.0,15.0,33.0,0.0,0.0,0.0,0.0,0.0,16.0,38.5
65,0.0,0.0,0.0,0.0,0.0,0.0,0.0,0.0,0.0,0.0,0.0,0.0,0.0
66,0.0,0.0,0.0,0.0,0.0,0.0,0.0,0.0,0.0,0.0,0.0,0.0,0.0
67,0.0,0.0,0.0,3.0,15.0,33.0,0.0,0.0,0.0,0.0,0.0,15.0,33.0
68,0.0,0.0,0.0,5.0,25.0,55.0,0.0,0.0,0.0,181.0,8.0,25.0,55.0
69,1.0,1.0,5.5,3.0,15.0,33.0,0.0,0.0,0.0,121.0,5.0,16.0,38.5
70,2.0,2.0,11.0,5.0,25.0,55.0,0.0,0.0,0.0,90.0,5.0,27.0,66.0
71,0.0,0.0,0.0,1.0,5.0,11.0,1.0,150.0,25.0,97.0,7.0,155.0,36.0
72,1.0,1.0,5.5,4.0,20.0,44.0,1.0,150.0,25.0,143.0,7.0,171.0,74.5
73,0.0,0.0,0.0,0.0,0.0,0.0,0.0,0.0,0.0,0.0,0.0,0.0,0.0
74,1.0,1.0,5.5,6.0,30.0,66.0,0.0,0.0,0.0,213.0,8.0,31.0,71.5
75,1.0,1.0,5.5,17.0,85.0,187.0,0.0,0.0,0.0,465.0,12.0,86.0,192.5
76,1.0,1.0,5.5,10.0,50.0,110.0,0.0,0.0,0.0,480.0,10.0,51.0,115.5
77,0.0,0.0,0.0,5.0,25.0,55.0,0.0,0.0,0.0,0.0,0.0,25.0,55.0
78,0.0,0.0,0.0,1.0,5.0,11.0,0.0,0.0,0.0,0.0,0.0,5.0,11.0
79,1.0,1.0,5.5,2.0,10.0,22.0,0.0,0.0,0.0,0.0,0.0,11.0,27.5
80,2.0,2.0,11.0,4.0,20.0,44.0,0.0,0.0,0.0,62.0,4.0,22.0,55.0
81,1.0,1.0,5.5,1.0,5.0,11.0,0.0,0.0,0.0,0.0,0.0,6.0,16.5
82,1.0,1.0,5.5,2.0,10.0,22.0,0.0,0.0,0.0,0.0,0.0,11.0,27.5
83,0.0,0.0,0.0,3.0,15.0,33.0,0.0,0.0,0.0,0.0,0.0,15.0,33.0
84,1.0,1.0,5.5,3.0,15.0,33.0,0.0,0.0,0.0,107.0,6.0,16.0,38.5
85,0.0,0.0,0.0,5.0,25.0,55.0,1.0,150.0,25.0,181.0,6.0,175.0,80.0
86,1.0,1.0,5.5,9.0,45.0,99.0,0.0,0.0,0.0,247.0,9.0,46.0,104.5
87,1.0,1.0,5.5,1.0,5.0,11.0,1.0,150.0,25.0,53.0,3.0,156.0,41.5
88,1.0,1.0,5.5,6.0,30.0,66.0,1.0,150.0,25.0,283.0,13.0,181.0,96.5
89,1.0,1.0,5.5,10.0,50.0,110.0,1.0,150.0,25.0,445.0,13.0,201.0,140.5
90,0.0,0.0,0.0,4.0,20.0,44.0,1.0,150.0,25.0,181.0,6.0,170.0,69.0
91,3.0,3.0,16.5,3.0,15.0,33.0,1.0,150.0,25.0,257.0,13.0,168.0,74.5
92,0.0,0.0,0.0,3.0,15.0,33.0,1.0,150.0,25.0,191.0,6.0,165.0,58.0
93,0.0,0.0,0.0,6.0,30.0,66.0,1.0,150.0,25.0,325.0,6.0,180.0,91.0
94,4.0,4.0,22.0,9.0,45.0,99.0,2.0,300.0,50.0,431.0,10.0,349.0,171.0
95,1.0,1.0,5.5,4.0,20.0,44.0,0.0,0.0,0.0,144.0,6.0,21.0,49.5
96,0.0,0.0,0.0,5.0,25.0,55.0,0.0,0.0,0.0,48.0,4.0,25.0,55.0
97,0.0,0.0,0.0,3.0,15.0,33.0,0.0,0.0,0.0,0.0,0.0,15.0,33.0
98,0.0,0.0,0.0,3.0,15.0,33.0,0.0,0.0,0.0,0.0,0.0,15.0,33.0
99,1.0,1.0,5.5,4.0,20.0,44.0,0.0,0.0,0.0,55.0,5.0,21.0,49.5
100,0.0,0.0,0.0,7.0,35.0,77.0,0.0,0.0,0.0,314.0,8.0,35.0,77.0
101,1.0,1.0,5.5,2.0,10.0,22.0,0.0,0.0,0.0,0.0,0.0,11.0,27.5
102,0.0,0.0,0.0,0.0,0.0,0.0,0.0,0.0,0.0,0.0,0.0,0.0,0.0
103,0.0,0.0,0.0,3.0,15.0,33.0,0.0,0.0,0.0,0.0,0.0,15.0,33.0
104,0.0,0.0,0.0,0.0,0.0,0.0,0.0,0.0,0.0,0.0,0.0,0.0,0.0
105,0.0,0.0,0.0,3.0,15.0,33.0,0.0,0.0,0.0,0.0,0.0,15.0,33.0
106,1.0,1.0,5.5,1.0,5.0,11.0,0.0,0.0,0.0,0.0,0.0,6.0,16.5
107,0.0,0.0,0.0,4.0,20.0,44.0,1.0,150.0,25.0,199.0,7.0,170.0,69.0
108,1.0,1.0,5.5,8.0,40.0,88.0,0.0,0.0,0.0,215.0,12.0,41.0,93.5
109,1.0,1.0,5.5,5.0,25.0,55.0,0.0,0.0,0.0,0.0,0.0,26.0,60.5
110,0.0,0.0,0.0,4.0,20.0,44.0,2.0,300.0,50.0,464.0,11.0,320.0,94.0
111,1.0,1.0,5.5,10.0,50.0,110.0,1.0,150.0,25.0,602.0,10.0,201.0,140.5
112,1.0,1.0,5.5,4.0,20.0,44.0,1.0,150.0,25.0,310.0,13.0,171.0,74.5
113,1.0,1.0,5.5,5.0,25.0,55.0,2.0,300.0,50.0,394.0,11.0,326.0,110.5
114,1.0,1.0,5.5,8.0,40.0,88.0,1.0,150.0,25.0,389.0,10.0,191.0,118.5
115,1.0,1.0,5.5,6.0,30.0,66.0,1.0,150.0,25.0,226.0,8.0,181.0,96.5
116,1.0,1.0,5.5,4.0,20.0,44.0,0.0,0.0,0.0,0.0,0.0,21.0,49.5
117,0.0,0.0,0.0,5.0,25.0,55.0,1.0,150.0,25.0,162.0,9.0,175.0,80.0
118,0.0,0.0,0.0,8.0,40.0,88.0,2.0,300.0,50.0,443.0,18.0,340.0,138.0
119,0.0,0.0,0.0,6.0,30.0,66.0,0.0,0.0,0.0,162.0,7.0,30.0,66.0
120,1.0,1.0,5.5,3.0,15.0,33.0,0.0,0.0,0.0,85.0,6.0,16.0,38.5
121,0.0,0.0,0.0,0.0,0.0,0.0,0.0,0.0,0.0,0.0,0.0,0.0,0.0
122,0.0,0.0,0.0,0.0,0.0,0.0,0.0,0.0,0.0,0.0,0.0,0.0,0.0
123,7.0,7.0,38.5,4.0,20.0,44.0,0.0,0.0,0.0,149.0,8.0,27.0,82.5
124,0.0,0.0,0.0,4.0,20.0,44.0,0.0,0.0,0.0,144.0,5.0,20.0,44.0
125,12.0,12.0,66.0,2.0,10.0,22.0,1.0,150.0,25.0,325.0,17.0,172.0,113.0
126,3.0,3.0,16.5,6.0,30.0,66.0,1.0,150.0,25.0,375.0,20.0,183.0,107.5
127,1.0,1.0,5.5,8.0,40.0,88.0,0.0,0.0,0.0,184.0,9.0,41.0,93.5
128,1.0,1.0,5.5,2.0,10.0,22.0,0.0,0.0,0.0,0.0,0.0,11.0,27.5
129,1.0,1.0,5.5,2.0,10.0,22.0,0.0,0.0,0.0,0.0,0.0,11.0,27.5
130,1.0,1.0,5.5,4.0,20.0,44.0,0.0,0.0,0.0,0.0,0.0,21.0,49.5
131,0.0,0.0,0.0,4.0,20.0,44.0,0.0,0.0,0.0,0.0,0.0,20.0,44.0
132,1.0,1.0,5.5,1.0,5.0,11.0,0.0,0.0,0.0,0.0,0.0,6.0,16.5
133,0.0,0.0,0.0,6.0,30.0,66.0,0.0,0.0,0.0,169.0,6.0,30.0,66.0
134,0.0,0.0,0.0,8.0,40.0,88.0,1.0,150.0,25.0,495.0,10.0,190.0,113.0
135,1.0,1.0,5.5,6.0,30.0,66.0,2.0,300.0,50.0,505.0,14.0,331.0,121.5
136,0.0,0.0,0.0,4.0,20.0,44.0,1.0,150.0,25.0,215.0,7.0,170.0,69.0
137,1.0,1.0,5.5,4.0,20.0,44.0,1.0,150.0,25.0,187.0,7.0,171.0,74.5
138,1.0,1.0,5.5,8.0,40.0,88.0,0.0,0.0,0.0,343.0,10.0,41.0,93.5
139,1.0,1.0,5.5,6.0,30.0,66.0,0.0,0.0,0.0,221.0,7.0,31.0,71.5
140,1.0,1.0,5.5,5.0,25.0,55.0,0.0,0.0,0.0,0.0,0.0,26.0,60.5
141,1.0,1.0,5.5,6.0,30.0,66.0,1.0,150.0,25.0,203.0,6.0,181.0,96.5
142,0.0,0.0,0.0,11.0,55.0,121.0,1.0,150.0,25.0,714.0,14.0,205.0,146.0
143,1.0,1.0,5.5,7.0,35.0,77.0,1.0,150.0,25.0,402.0,11.0,186.0,107.5
144,1.0,1.0,5.5,2.0,10.0,22.0,1.0,150.0,25.0,111.0,5.0,161.0,52.5
145,0.0,0.0,0.0,1.0,5.0,11.0,0.0,0.0,0.0,0.0,0.0,5.0,11.0
146,1.0,1.0,5.5,2.0,10.0,22.0,0.0,0.0,0.0,0.0,0.0,11.0,27.5
147,0.0,0.0,0.0,0.0,0.0,0.0,0.0,0.0,0.0,0.0,0.0,0.0,0.0
148,4.0,4.0,22.0,2.0,10.0,22.0,1.0,150.0,25.0,348.0,7.0,164.0,69.0
149,0.0,0.0,0.0,10.0,50.0,110.0,1.0,150.0,25.0,89.0,4.0,200.0,135.0
150,1.0,1.0,5.5,3.0,15.0,33.0,0.0,0.0,0.0,50.0,3.0,16.0,38.5
151,1.0,1.0,5.5,3.0,15.0,33.0,0.0,0.0,0.0,47.0,2.0,16.0,38.5
152,0.0,0.0,0.0,6.0,30.0,66.0,0.0,0.0,0.0,115.0,6.0,30.0,66.0
153,1.0,1.0,5.5,9.0,45.0,99.0,0.0,0.0,0.0,140.0,4.0,46.0,104.5
154,1.0,1.0,5.5,7.0,35.0,77.0,0.0,0.0,0.0,258.0,9.0,36.0,82.5
155,0.0,0.0,0.0,3.0,15.0,33.0,1.0,150.0,25.0,66.0,4.0,165.0,58.0
156,14.0,14.0,77.0,10.0,50.0,110.0,2.0,300.0,50.0,585.0,6.0,364.0,237.0
157,0.0,0.0,0.0,10.0,50.0,110.0,1.0,150.0,25.0,303.0,26.0,200.0,135.0
158,1.0,1.0,5.5,1.0,5.0,11.0,0.0,0.0,0.0,0.0,0.0,6.0,16.5
159,0.0,0.0,0.0,8.0,40.0,88.0,1.0,150.0,25.0,394.0,8.0,190.0,113.0
160,0.0,0.0,0.0,13.0,65.0,143.0,2.0,300.0,50.0,396.0,8.0,365.0,193.0
161,0.0,0.0,0.0,8.0,40.0,88.0,0.0,0.0,0.0,252.0,8.0,40.0,88.0
162,0.0,0.0,0.0,6.0,30.0,66.0,0.0,0.0,0.0,149.0,5.0,30.0,66.0
163,0.0,0.0,0.0,0.0,0.0,0.0,0.0,0.0,0.0,0.0,0.0,0.0,0.0
164,0.0,0.0,0.0,6.0,30.0,66.0,1.0,150.0,25.0,252.0,6.0,180.0,91.0
165,0.0,0.0,0.0,4.0,20.0,44.0,0.0,0.0,0.0,143.0,5.0,20.0,44.0
166,1.0,1.0,5.5,3.0,15.0,33.0,0.0,0.0,0.0,109.0,6.0,16.0,38.5
167,1.0,1.0,5.5,0.0,0.0,0.0,0.0,0.0,0.0,0.0,0.0,1.0,5.5
168,0.0,0.0,0.0,0.0,0.0,0.0,0.0,0.0,0.0,0.0,0.0,0.0,0.0
169,1.0,1.0,5.5,2.0,10.0,22.0,0.0,0.0,0.0,0.0,0.0,11.0,27.5
170,0.0,0.0,0.0,4.0,20.0,44.0,0.0,0.0,0.0,86.0,4.0,20.0,44.0
171,1.0,1.0,5.5,8.0,40.0,88.0,0.0,0.0,0.0,318.0,5.0,41.0,93.5
172,1.0,1.0,5.5,11.0,55.0,121.0,0.0,0.0,0.0,127.0,6.0,56.0,126.5
173,0.0,0.0,0.0,2.0,10.0,22.0,0.0,0.0,0.0,0.0,0.0,10.0,22.0
174,0.0,0.0,0.0,5.0,25.0,55.0,1.0,150.0,25.0,224.0,5.0,175.0,80.0
175,1.0,1.0,5.5,5.0,25.0,55.0,2.0,300.0,50.0,455.0,14.0,326.0,110.5
176,0.0,0.0,0.0,4.0,20.0,44.0,0.0,0.0,0.0,0.0,0.0,20.0,44.0
177,1.0,1.0,5.5,5.0,25.0,55.0,0.0,0.0,0.0,81.0,5.0,26.0,60.5
178,1.0,1.0,5.5,10.0,50.0,110.0,1.0,150.0,25.0,341.0,9.0,201.0,140.5
179,1.0,1.0,5.5,8.0,40.0,88.0,0.0,0.0,0.0,219.0,10.0,41.0,93.5
180,0.0,0.0,0.0,2.0,10.0,22.0,0.0,0.0,0.0,0.0,0.0,10.0,22.0
181,1.0,1.0,5.5,2.0,10.0,22.0,0.0,0.0,0.0,0.0,0.0,11.0,27.5
182,2.0,2.0,11.0,6.0,30.0,66.0,0.0,0.0,0.0,68.0,5.0,32.0,77.0
183,0.0,0.0,0.0,2.0,10.0,22.0,1.0,150.0,25.0,91.0,5.0,160.0,47.0
184,0.0,0.0,0.0,3.0,15.0,33.0,0.0,0.0,0.0,90.0,3.0,15.0,33.0
185,0.0,0.0,0.0,0.0,0.0,0.0,0.0,0.0,0.0,0.0,0.0,0.0,0.0
186,0.0,0.0,0.0,0.0,0.0,0.0,0.0,0.0,0.0,0.0,0.0,0.0,0.0
187,1.0,1.0,5.5,6.0,30.0,66.0,0.0,0.0,0.0,209.0,9.0,31.0,71.5
188,1.0,1.0,5.5,4.0,20.0,44.0,1.0,150.0,25.0,104.0,10.0,171.0,74.5
189,1.0,1.0,5.5,1.0,5.0,11.0,1.0,150.0,25.0,130.0,6.0,156.0,41.5
190,0.0,0.0,0.0,6.0,30.0,66.0,0.0,0.0,0.0,168.0,6.0,30.0,66.0
191,4.0,4.0,22.0,8.0,40.0,88.0,1.0,150.0,25.0,219.0,6.0,194.0,135.0
192,1.0,1.0,5.5,7.0,35.0,77.0,1.0,150.0,25.0,446.0,15.0,186.0,107.5
193,0.0,0.0,0.0,8.0,40.0,88.0,0.0,0.0,0.0,338.0,9.0,40.0,88.0
194,0.0,0.0,0.0,1.0,5.0,11.0,0.0,0.0,0.0,0.0,0.0,5.0,11.0
195,1.0,1.0,5.5,6.0,30.0,66.0,0.0,0.0,0.0,79.0,4.0,31.0,71.5
196,0.0,0.0,0.0,7.0,35.0,77.0,1.0,150.0,25.0,188.0,5.0,185.0,102.0
197,0.0,0.0,0.0,7.0,35.0,77.0,2.0,300.0,50.0,516.0,22.0,335.0,127.0
198,1.0,1.0,5.5,11.0,55.0,121.0,0.0,0.0,0.0,279.0,13.0,56.0,126.5
199,1.0,1.0,5.5,3.0,15.0,33.0,0.0,0.0,0.0,71.0,4.0,16.0,38.5
200,0.0,0.0,0.0,5.0,25.0,55.0,0.0,0.0,0.0,118.0,5.0,25.0,55.0
201,0.0,0.0,0.0,3.0,15.0,33.0,0.0,0.0,0.0,50.0,3.0,15.0,33.0
202,1.0,1.0,5.5,1.0,5.0,11.0,0.0,0.0,0.0,0.0,0.0,6.0,16.5
203,0.0,0.0,0.0,1.0,5.0,11.0,0.0,0.0,0.0,0.0,0.0,5.0,11.0
204,0.0,0.0,0.0,4.0,20.0,44.0,0.0,0.0,0.0,0.0,0.0,20.0,44.0
205,0.0,0.0,0.0,5.0,25.0,55.0,0.0,0.0,0.0,145.0,5.0,25.0,55.0
206,0.0,0.0,0.0,6.0,30.0,66.0,1.0,150.0,25.0,196.0,8.0,180.0,91.0
207,0.0,0.0,0.0,5.0,25.0,55.0,0.0,0.0,0.0,41.0,3.0,25.0,55.0
208,0.0,0.0,0.0,10.0,50.0,110.0,0.0,0.0,0.0,201.0,4.0,50.0,110.0
209,1.0,1.0,5.5,6.0,30.0,66.0,0.0,0.0,0.0,212.0,6.0,31.0,71.5
210,0.0,0.0,0.0,9.0,45.0,99.0,0.0,0.0,0.0,93.0,5.0,45.0,99.0
211,1.0,1.0,5.5,18.0,90.0,198.0,1.0,150.0,25.0,322.0,1.0,241.0,228.5
212,0.0,0.0,0.0,9.0,45.0,99.0,1.0,150.0,25.0,404.0,16.0,195.0,124.0
213,11.0,11.0,60.5,4.0,20.0,44.0,1.0,150.0,25.0,550.0,8.0,181.0,129.5
214,0.0,0.0,0.0,6.0,30.0,66.0,2.0,300.0,50.0,476.0,17.0,330.0,116.0
215,0.0,0.0,0.0,9.0,45.0,99.0,0.0,0.0,0.0,273.0,6.0,45.0,99.0
216,1.0,1.0,5.5,1.0,5.0,11.0,0.0,0.0,0.0,0.0,0.0,6.0,16.5
217,0.0,0.0,0.0,0.0,0.0,0.0,0.0,0.0,0.0,0.0,0.0,0.0,0.0
218,0.0,0.0,0.0,4.0,20.0,44.0,0.0,0.0,0.0,0.0,0.0,20.0,44.0
219,0.0,0.0,0.0,0.0,0.0,0.0,0.0,0.0,0.0,0.0,0.0,0.0,0.0
220,1.0,1.0,5.5,1.0,5.0,11.0,0.0,0.0,0.0,0.0,0.0,6.0,16.5
221,0.0,0.0,0.0,0.0,0.0,0.0,0.0,0.0,0.0,0.0,0.0,0.0,0.0
222,1.0,1.0,5.5,1.0,5.0,11.0,0.0,0.0,0.0,0.0,0.0,6.0,16.5
223,0.0,0.0,0.0,4.0,20.0,44.0,0.0,0.0,0.0,0.0,0.0,20.0,44.0
224,0.0,0.0,0.0,3.0,15.0,33.0,1.0,150.0,25.0,212.0,6.0,165.0,58.0
225,-0.0,-0.0,-0.0,19.0,95.0,209.0,-0.0,-0.0,-0.0,400.0,1.0,95.0,209.0
226,5.0,5.0,27.5,6.0,30.0,66.0,0.0,0.0,0.0,122.0,3.0,35.0,93.5
227,23.0,23.0,126.5,7.0,35.0,77.0,1.0,150.0,25.0,194.0,0.0,208.0,228.5
228,0.0,0.0,0.0,14.0,70.0,154.0,0.0,0.0,0.0,351.0,15.0,70.0,154.0
229,1.0,1.0,5.5,6.0,30.0,66.0,1.0,150.0,25.0,406.0,9.0,181.0,96.5
230,0.0,0.0,0.0,11.0,55.0,121.0,1.0,150.0,25.0,478.0,12.0,205.0,146.0
231,0.0,0.0,0.0,6.0,30.0,66.0,0.0,0.0,0.0,239.0,7.0,30.0,66.0
232,1.0,1.0,5.5,2.0,10.0,22.0,0.0,0.0,0.0,0.0,0.0,11.0,27.5
233,6.0,6.0,33.0,3.0,15.0,33.0,0.0,0.0,0.0,117.0,5.0,21.0,66.0
234,0.0,0.0,0.0,6.0,30.0,66.0,0.0,0.0,0.0,62.0,3.0,30.0,66.0
235,1.0,1.0,5.5,2.0,10.0,22.0,0.0,0.0,0.0,0.0,0.0,11.0,27.5
236,0.0,0.0,0.0,3.0,15.0,33.0,0.0,0.0,0.0,0.0,0.0,15.0,33.0
237,0.0,0.0,0.0,0.0,0.0,0.0,0.0,0.0,0.0,0.0,0.0,0.0,0.0
238,1.0,1.0,5.5,4.0,20.0,44.0,1.0,150.0,25.0,198.0,3.0,171.0,74.5
239,1.0,1.0,5.5,2.0,10.0,22.0,0.0,0.0,0.0,13.0,1.0,11.0,27.5
240,0.0,0.0,0.0,2.0,10.0,22.0,0.0,0.0,0.0,0.0,0.0,10.0,22.0
241,1.0,1.0,5.5,1.0,5.0,11.0,1.0,150.0,25.0,97.0,4.0,156.0,41.5
242,1.0,1.0,5.5,3.0,15.0,33.0,0.0,0.0,0.0,36.0,2.0,16.0,38.5
243,0.0,0.0,0.0,5.0,25.0,55.0,0.0,0.0,0.0,0.0,0.0,25.0,55.0
244,1.0,1.0,5.5,7.0,35.0,77.0,1.0,150.0,25.0,172.0,9.0,186.0,107.5
245,7.0,7.0,38.5,10.0,50.0,110.0,1.0,150.0,25.0,342.0,0.0,207.0,173.5
246,0.0,0.0,0.0,25.0,125.0,275.0,0.0,0.0,0.0,347.0,0.0,125.0,275.0
247,0.0,0.0,0.0,15.0,75.0,165.0,0.0,0.0,0.0,211.0,0.0,75.0,165.0
248,0.0,0.0,0.0,33.0,165.0,363.0,0.0,0.0,0.0,251.0,0.0,165.0,363.0
249,1.0,1.0,5.5,10.0,50.0,110.0,1.0,150.0,25.0,383.0,9.0,201.0,140.5
250,0.0,0.0,0.0,7.0,35.0,77.0,0.0,0.0,0.0,254.0,6.0,35.0,77.0
251,1.0,1.0,5.5,2.0,10.0,22.0,0.0,0.0,0.0,14.0,1.0,11.0,27.5
252,1.0,1.0,5.5,3.0,15.0,33.0,0.0,0.0,0.0,53.0,2.0,16.0,38.5
253,0.0,0.0,0.0,4.0,20.0,44.0,0.0,0.0,0.0,170.0,5.0,20.0,44.0
254,0.0,0.0,0.0,16.0,80.0,176.0,0.0,0.0,0.0,283.0,8.0,80.0,176.0
255,1.0,1.0,5.5,2.0,10.0,22.0,0.0,0.0,0.0,43.0,5.0,11.0,27.5
256,0.0,0.0,0.0,4.0,20.0,44.0,0.0,0.0,0.0,0.0,0.0,20.0,44.0
257,1.0,1.0,5.5,4.0,20.0,44.0,0.0,0.0,0.0,21.0,1.0,21.0,49.5
258,0.0,0.0,0.0,4.0,20.0,44.0,0.0,0.0,0.0,0.0,0.0,20.0,44.0
259,1.0,1.0,5.5,1.0,5.0,11.0,0.0,0.0,0.0,0.0,0.0,6.0,16.5
260,0.0,0.0,0.0,3.0,15.0,33.0,1.0,150.0,25.0,144.0,7.0,165.0,58.0
261,1.0,1.0,5.5,10.0,50.0,110.0,1.0,150.0,25.0,466.0,10.0,201.0,140.5
262,0.0,0.0,0.0,1.0,5.0,11.0,0.0,0.0,0.0,0.0,0.0,5.0,11.0
263,0.0,0.0,0.0,3.0,15.0,33.0,0.0,0.0,0.0,0.0,0.0,15.0,33.0
264,0.0,0.0,0.0,0.0,0.0,0.0,0.0,0.0,0.0,0.0,0.0,0.0,0.0
265,0.0,0.0,0.0,2.0,10.0,22.0,0.0,0.0,0.0,0.0,0.0,10.0,22.0
266,1.0,1.0,5.5,3.0,15.0,33.0,0.0,0.0,0.0,75.0,4.0,16.0,38.5
267,1.0,1.0,5.5,11.0,55.0,121.0,1.0,150.0,25.0,434.0,12.0,206.0,151.5
268,0.0,0.0,0.0,14.0,70.0,154.0,1.0,150.0,25.0,305.0,5.0,220.0,179.0
269,0.0,0.0,0.0,7.0,35.0,77.0,1.0,150.0,25.0,293.0,15.0,185.0,102.0
270,1.0,1.0,5.5,8.0,40.0,88.0,1.0,150.0,25.0,203.0,7.0,191.0,118.5
271,38.0,38.0,209.0,24.0,120.0,264.0,0.0,0.0,0.0,116.0,0.0,158.0,473.0
272,0.0,0.0,0.0,22.0,110.0,242.0,1.0,150.0,25.0,522.0,4.0,260.0,267.0
273,1.0,1.0,5.5,6.0,30.0,66.0,2.0,300.0,50.0,413.0,6.0,331.0,121.5
274,2.0,2.0,11.0,10.0,50.0,110.0,0.0,0.0,0.0,305.0,10.0,52.0,121.0
275,1.0,1.0,5.5,5.0,25.0,55.0,0.0,0.0,0.0,181.0,5.0,26.0,60.5
276,1.0,1.0,5.5,2.0,10.0,22.0,0.0,0.0,0.0,0.0,0.0,11.0,27.5
277,0.0,0.0,0.0,4.0,20.0,44.0,0.0,0.0,0.0,0.0,0.0,20.0,44.0
278,15.0,15.0,82.5,3.0,15.0,33.0,0.0,0.0,0.0,113.0,4.0,30.0,115.5
279,0.0,0.0,0.0,4.0,20.0,44.0,0.0,0.0,0.0,75.0,3.0,20.0,44.0
280,0.0,0.0,0.0,9.0,45.0,99.0,1.0,150.0,25.0,104.0,3.0,195.0,124.0
281,0.0,0.0,0.0,6.0,30.0,66.0,0.0,0.0,0.0,91.0,5.0,30.0,66.0
282,0.0,0.0,0.0,4.0,20.0,44.0,0.0,0.0,0.0,0.0,0.0,20.0,44.0
283,1.0,1.0,5.5,4.0,20.0,44.0,1.0,150.0,25.0,35.0,2.0,171.0,74.5
284,0.0,0.0,0.0,4.0,20.0,44.0,0.0,0.0,0.0,42.0,3.0,20.0,44.0
285,1.0,1.0,5.5,1.0,5.0,11.0,0.0,0.0,0.0,0.0,0.0,6.0,16.5
286,0.0,0.0,0.0,5.0,25.0,55.0,1.0,150.0,25.0,294.0,6.0,175.0,80.0
287,9.0,9.0,49.5,3.0,15.0,33.0,1.0,150.0,25.0,406.0,9.0,174.0,107.5
288,0.0,0.0,0.0,8.0,40.0,88.0,0.0,0.0,0.0,461.0,8.0,40.0,88.0
289,1.0,1.0,5.5,5.0,25.0,55.0,2.0,300.0,50.0,291.0,11.0,326.0,110.5
290,1.0,1.0,5.5,9.0,45.0,99.0,1.0,150.0,25.0,343.0,7.0,196.0,129.5
291,1.0,1.0,5.5,15.0,75.0,165.0,0.0,0.0,0.0,248.0,1.0,76.0,170.5
292,1.0,1.0,5.5,22.0,110.0,242.0,1.0,150.0,25.0,480.0,7.0,261.0,272.5
293,15.0,15.0,82.5,5.0,25.0,55.0,1.0,150.0,25.0,541.0,18.0,190.0,162.5
294,0.0,0.0,0.0,15.0,75.0,165.0,1.0,150.0,25.0,356.0,0.0,225.0,190.0
295,1.0,1.0,5.5,5.0,25.0,55.0,0.0,0.0,0.0,160.0,5.0,26.0,60.5
296,1.0,1.0,5.5,5.0,25.0,55.0,0.0,0.0,0.0,181.0,7.0,26.0,60.5
297,0.0,0.0,0.0,6.0,30.0,66.0,0.0,0.0,0.0,142.0,7.0,30.0,66.0
298,1.0,1.0,5.5,3.0,15.0,33.0,0.0,0.0,0.0,17.0,1.0,16.0,38.5
299,0.0,0.0,0.0,10.0,50.0,110.0,0.0,0.0,0.0,383.0,12.0,50.0,110.0
300,0.0,0.0,0.0,7.0,35.0,77.0,0.0,0.0,0.0,32.0,2.0,35.0,77.0
301,0.0,0.0,0.0,0.0,0.0,0.0,0.0,0.0,0.0,0.0,0.0,0.0,0.0
302,0.0,0.0,0.0,3.0,15.0,33.0,0.0,0.0,0.0,0.0,0.0,15.0,33.0
303,1.0,1.0,5.5,3.0,15.0,33.0,0.0,0.0,0.0,0.0,0.0,16.0,38.5
304,0.0,0.0,0.0,3.0,15.0,33.0,0.0,0.0,0.0,0.0,0.0,15.0,33.0
305,0.0,0.0,0.0,5.0,25.0,55.0,0.0,0.0,0.0,146.0,5.0,25.0,55.0
306,1.0,1.0,5.5,2.0,10.0,22.0,1.0,150.0,25.0,138.0,7.0,161.0,52.5
307,0.0,0.0,0.0,6.0,30.0,66.0,0.0,0.0,0.0,135.0,5.0,30.0,66.0
308,1.0,1.0,5.5,2.0,10.0,22.0,0.0,0.0,0.0,0.0,0.0,11.0,27.5
309,1.0,1.0,5.5,2.0,10.0,22.0,0.0,0.0,0.0,0.0,0.0,11.0,27.5
310,0.0,0.0,0.0,3.0,15.0,33.0,0.0,0.0,0.0,0.0,0.0,15.0,33.0
311,0.0,0.0,0.0,2.0,10.0,22.0,0.0,0.0,0.0,0.0,0.0,10.0,22.0
312,0.0,0.0,0.0,11.0,55.0,121.0,1.0,150.0,25.0,310.0,10.0,205.0,146.0
313,0.0,0.0,0.0,4.0,20.0,44.0,1.0,150.0,25.0,146.0,8.0,170.0,69.0
314,1.0,1.0,5.5,8.0,40.0,88.0,2.0,300.0,50.0,415.0,13.0,341.0,143.5
315,1.0,1.0,5.5,11.0,55.0,121.0,1.0,150.0,25.0,377.0,8.0,206.0,151.5
316,1.0,1.0,5.5,5.0,25.0,55.0,2.0,300.0,50.0,494.0,9.0,326.0,110.5
317,1.0,1.0,5.5,7.0,35.0,77.0,0.0,0.0,0.0,159.0,6.0,36.0,82.5
318,0.0,0.0,0.0,13.0,65.0,143.0,0.0,0.0,0.0,238.0,13.0,65.0,143.0
319,1.0,1.0,5.5,10.0,50.0,110.0,0.0,0.0,0.0,333.0,11.0,51.0,115.5
320,7.0,7.0,38.5,2.0,10.0,22.0,1.0,150.0,25.0,325.0,6.0,167.0,85.5
321,1.0,1.0,5.5,10.0,50.0,110.0,1.0,150.0,25.0,517.0,11.0,201.0,140.5
322,10.0,10.0,55.0,1.0,5.0,11.0,1.0,150.0,25.0,291.0,12.0,165.0,91.0
323,0.0,0.0,0.0,5.0,25.0,55.0,2.0,300.0,50.0,355.0,16.0,325.0,105.0
324,1.0,1.0,5.5,8.0,40.0,88.0,1.0,150.0,25.0,454.0,14.0,191.0,118.5
325,1.0,1.0,5.5,9.0,45.0,99.0,0.0,0.0,0.0,13.0,1.0,46.0,104.5
326,1.0,1.0,5.5,0.0,0.0,0.0,0.0,0.0,0.0,0.0,0.0,1.0,5.5
327,0.0,0.0,0.0,5.0,25.0,55.0,0.0,0.0,0.0,57.0,3.0,25.0,55.0
328,1.0,1.0,5.5,4.0,20.0,44.0,0.0,0.0,0.0,87.0,7.0,21.0,49.5
329,0.0,0.0,0.0,1.0,5.0,11.0,0.0,0.0,0.0,0.0,0.0,5.0,11.0
330,0.0,0.0,0.0,0.0,0.0,0.0,0.0,0.0,0.0,0.0,0.0,0.0,0.0
331,1.0,1.0,5.5,8.0,40.0,88.0,0.0,0.0,0.0,325.0,15.0,41.0,93.5
332,0.0,0.0,0.0,1.0,5.0,11.0,0.0,0.0,0.0,0.0,0.0,5.0,11.0
333,0.0,0.0,0.0,2.0,10.0,22.0,0.0,0.0,0.0,0.0,0.0,10.0,22.0
334,0.0,0.0,0.0,2.0,10.0,22.0,0.0,0.0,0.0,0.0,0.0,10.0,22.0
335,1.0,1.0,5.5,3.0,15.0,33.0,0.0,0.0,0.0,0.0,0.0,16.0,38.5
336,0.0,0.0,0.0,2.0,10.0,22.0,1.0,150.0,25.0,43.0,2.0,160.0,47.0
337,0.0,0.0,0.0,4.0,20.0,44.0,1.0,150.0,25.0,179.0,6.0,170.0,69.0
338,4.0,4.0,22.0,4.0,20.0,44.0,0.0,0.0,0.0,141.0,5.0,24.0,66.0
339,1.0,1.0,5.5,4.0,20.0,44.0,0.0,0.0,0.0,30.0,2.0,21.0,49.5
340,0.0,0.0,0.0,7.0,35.0,77.0,1.0,150.0,25.0,384.0,12.0,185.0,102.0
341,0.0,0.0,0.0,4.0,20.0,44.0,1.0,150.0,25.0,240.0,6.0,170.0,69.0
342,0.0,0.0,0.0,6.0,30.0,66.0,1.0,150.0,25.0,243.0,8.0,180.0,91.0
343,1.0,1.0,5.5,2.0,10.0,22.0,0.0,0.0,0.0,19.0,1.0,11.0,27.5
344,1.0,1.0,5.5,6.0,30.0,66.0,1.0,150.0,25.0,164.0,8.0,181.0,96.5
345,0.0,0.0,0.0,7.0,35.0,77.0,2.0,300.0,50.0,433.0,18.0,335.0,127.0
346,1.0,1.0,5.5,5.0,25.0,55.0,1.0,150.0,25.0,134.0,4.0,176.0,85.5
347,20.0,20.0,110.0,3.0,15.0,33.0,1.0,150.0,25.0,376.0,14.0,185.0,168.0
348,1.0,1.0,5.5,4.0,20.0,44.0,0.0,0.0,0.0,112.0,4.0,21.0,49.5
349,0.0,0.0,0.0,12.0,60.0,132.0,0.0,0.0,0.0,478.0,12.0,60.0,132.0
350,0.0,0.0,0.0,5.0,25.0,55.0,0.0,0.0,0.0,61.0,4.0,25.0,55.0
351,6.0,6.0,33.0,4.0,20.0,44.0,0.0,0.0,0.0,39.0,2.0,26.0,77.0
352,0.0,0.0,0.0,10.0,50.0,110.0,1.0,150.0,25.0,303.0,8.0,200.0,135.0
353,5.0,5.0,27.5,2.0,10.0,22.0,1.0,150.0,25.0,271.0,8.0,165.0,74.5
354,1.0,1.0,5.5,2.0,10.0,22.0,0.0,0.0,0.0,0.0,0.0,11.0,27.5
355,1.0,1.0,5.5,7.0,35.0,77.0,0.0,0.0,0.0,0.0,0.0,36.0,82.5
356,1.0,1.0,5.5,10.0,50.0,110.0,0.0,0.0,0.0,54.0,4.0,51.0,115.5
357,0.0,0.0,0.0,3.0,15.0,33.0,0.0,0.0,0.0,60.0,3.0,15.0,33.0
358,1.0,1.0,5.5,3.0,15.0,33.0,0.0,0.0,0.0,0.0,0.0,16.0,38.5
359,1.0,1.0,5.5,0.0,0.0,0.0,0.0,0.0,0.0,0.0,0.0,1.0,5.5
360,0.0,0.0,0.0,6.0,30.0,66.0,1.0,150.0,25.0,271.0,11.0,180.0,91.0
361,1.0,1.0,5.5,40.0,200.0,440.0,1.0,150.0,25.0,693.0,9.0,351.0,470.5
362,0.0,0.0,0.0,9.0,45.0,99.0,2.0,300.0,50.0,403.0,8.0,345.0,149.0
363,0.0,0.0,0.0,2.0,10.0,22.0,1.0,150.0,25.0,29.0,2.0,160.0,47.0
364,8.0,8.0,44.0,0.0,0.0,0.0,1.0,150.0,25.0,104.0,5.0,158.0,69.0
365,0.0,0.0,0.0,6.0,30.0,66.0,1.0,150.0,25.0,173.0,4.0,180.0,91.0
366,1.0,1.0,5.5,6.0,30.0,66.0,1.0,150.0,25.0,207.0,6.0,181.0,96.5
367,1.0,1.0,5.5,7.0,35.0,77.0,0.0,0.0,0.0,272.0,11.0,36.0,82.5
368,1.0,1.0,5.5,1.0,5.0,11.0,0.0,0.0,0.0,0.0,0.0,6.0,16.5
369,1.0,1.0,5.5,5.0,25.0,55.0,0.0,0.0,0.0,253.0,11.0,26.0,60.5
370,0.0,0.0,0.0,11.0,55.0,121.0,1.0,150.0,25.0,400.0,9.0,205.0,146.0
371,1.0,1.0,5.5,4.0,20.0,44.0,1.0,150.0,25.0,286.0,8.0,171.0,74.5
372,0.0,0.0,0.0,4.0,20.0,44.0,0.0,0.0,0.0,48.0,3.0,20.0,44.0
373,1.0,1.0,5.5,7.0,35.0,77.0,0.0,0.0,0.0,111.0,6.0,36.0,82.5
374,4.0,4.0,22.0,1.0,5.0,11.0,1.0,150.0,25.0,126.0,4.0,159.0,58.0
375,1.0,1.0,5.5,6.0,30.0,66.0,0.0,0.0,0.0,132.0,5.0,31.0,71.5
376,1.0,1.0,5.5,4.0,20.0,44.0,0.0,0.0,0.0,33.0,2.0,21.0,49.5
377,0.0,0.0,0.0,8.0,40.0,88.0,2.0,300.0,50.0,479.0,11.0,340.0,138.0
378,1.0,1.0,5.5,9.0,45.0,99.0,0.0,0.0,0.0,262.0,18.0,46.0,104.5
379,0.0,0.0,0.0,8.0,40.0,88.0,0.0,0.0,0.0,176.0,4.0,40.0,88.0
380,0.0,0.0,0.0,6.0,30.0,66.0,0.0,0.0,0.0,70.0,4.0,30.0,66.0
381,1.0,1.0,5.5,8.0,40.0,88.0,0.0,0.0,0.0,268.0,8.0,41.0,93.5
382,0.0,0.0,0.0,4.0,20.0,44.0,0.0,0.0,0.0,77.0,6.0,20.0,44.0
383,1.0,1.0,5.5,5.0,25.0,55.0,0.0,0.0,0.0,0.0,0.0,26.0,60.5
384,0.0,0.0,0.0,0.0,0.0,0.0,0.0,0.0,0.0,0.0,0.0,0.0,0.0
385,1.0,1.0,5.5,2.0,10.0,22.0,0.0,0.0,0.0,17.0,1.0,11.0,27.5
386,0.0,0.0,0.0,16.0,80.0,176.0,1.0,150.0,25.0,604.0,36.0,230.0,201.0
387,1.0,1.0,5.5,3.0,15.0,33.0,0.0,0.0,0.0,87.0,3.0,16.0,38.5
388,1.0,1.0,5.5,5.0,25.0,55.0,1.0,150.0,25.0,230.0,7.0,176.0,85.5
389,6.0,6.0,33.0,4.0,20.0,44.0,0.0,0.0,0.0,88.0,5.0,26.0,77.0
390,0.0,0.0,0.0,2.0,10.0,22.0,0.0,0.0,0.0,0.0,0.0,10.0,22.0
391,0.0,0.0,0.0,6.0,30.0,66.0,0.0,0.0,0.0,118.0,8.0,30.0,66.0
392,1.0,1.0,5.5,5.0,25.0,55.0,0.0,0.0,0.0,123.0,5.0,26.0,60.5
393,0.0,0.0,0.0,1.0,5.0,11.0,0.0,0.0,0.0,0.0,0.0,5.0,11.0
394,1.0,1.0,5.5,3.0,15.0,33.0,1.0,150.0,25.0,188.0,10.0,166.0,63.5
395,1.0,1.0,5.5,7.0,35.0,77.0,0.0,0.0,0.0,180.0,5.0,36.0,82.5
396,0.0,0.0,0.0,0.0,0.0,0.0,0.0,0.0,0.0,0.0,0.0,0.0,0.0
397,0.0,0.0,0.0,3.0,15.0,33.0,1.0,150.0,25.0,90.0,4.0,165.0,58.0
398,1.0,1.0,5.5,3.0,15.0,33.0,0.0,0.0,0.0,66.0,4.0,16.0,38.5
399,1.0,1.0,5.5,8.0,40.0,88.0,0.0,0.0,0.0,220.0,12.0,41.0,93.5
400,1.0,1.0,5.5,4.0,20.0,44.0,0.0,0.0,0.0,42.0,3.0,21.0,49.5
401,0.0,0.0,0.0,5.0,25.0,55.0,0.0,0.0,0.0,126.0,4.0,25.0,55.0
402,0.0,0.0,0.0,5.0,25.0,55.0,1.0,150.0,25.0,254.0,7.0,175.0,80.0
403,0.0,0.0,0.0,7.0,35.0,77.0,1.0,150.0,25.0,350.0,13.0,185.0,102.0
404,1.0,1.0,5.5,2.0,10.0,22.0,1.0,150.0,25.0,104.0,3.0,161.0,52.5
405,1.0,1.0,5.5,3.0,15.0,33.0,0.0,0.0,0.0,49.0,2.0,16.0,38.5
406,1.0,1.0,5.5,4.0,20.0,44.0,0.0,0.0,0.0,0.0,0.0,21.0,49.5
407,0.0,0.0,0.0,2.0,10.0,22.0,0.0,0.0,0.0,0.0,0.0,10.0,22.0
408,4.0,4.0,22.0,6.0,30.0,66.0,0.0,0.0,0.0,160.0,10.0,34.0,88.0
409,0.0,0.0,0.0,5.0,25.0,55.0,0.0,0.0,0.0,81.0,5.0,25.0,55.0
410,1.0,1.0,5.5,3.0,15.0,33.0,0.0,0.0,0.0,0.0,0.0,16.0,38.5
411,4.0,4.0,22.0,5.0,25.0,55.0,0.0,0.0,0.0,0.0,0.0,29.0,77.0
412,1.0,1.0,5.5,4.0,20.0,44.0,0.0,0.0,0.0,0.0,0.0,21.0,49.5
413,0.0,0.0,0.0,2.0,10.0,22.0,0.0,0.0,0.0,0.0,0.0,10.0,22.0
414,0.0,0.0,0.0,4.0,20.0,44.0,0.0,0.0,0.0,77.0,4.0,20.0,44.0
415,16.0,16.0,88.0,1.0,5.0,11.0,0.0,0.0,0.0,24.0,2.0,21.0,99.0
416,0.0,0.0,0.0,4.0,20.0,44.0,0.0,0.0,0.0,0.0,0.0,20.0,44.0
417,1.0,1.0,5.5,7.0,35.0,77.0,0.0,0.0,0.0,31.0,2.0,36.0,82.5
418,1.0,1.0,5.5,4.0,20.0,44.0,0.0,0.0,0.0,0.0,0.0,21.0,49.5
419,8.0,8.0,44.0,2.0,10.0,22.0,1.0,150.0,25.0,267.0,8.0,168.0,91.0
420,1.0,1.0,5.5,5.0,25.0,55.0,1.0,150.0,25.0,236.0,9.0,176.0,85.5
421,0.0,0.0,0.0,10.0,50.0,110.0,1.0,150.0,25.0,438.0,17.0,200.0,135.0
422,1.0,1.0,5.5,1.0,5.0,11.0,0.0,0.0,0.0,0.0,0.0,6.0,16.5
423,1.0,1.0,5.5,12.0,60.0,132.0,0.0,0.0,0.0,178.0,8.0,61.0,137.5
424,0.0,0.0,0.0,9.0,45.0,99.0,0.0,0.0,0.0,348.0,12.0,45.0,99.0
425,0.0,0.0,0.0,6.0,30.0,66.0,0.0,0.0,0.0,0.0,0.0,30.0,66.0
426,1.0,1.0,5.5,5.0,25.0,55.0,0.0,0.0,0.0,115.0,6.0,26.0,60.5
427,1.0,1.0,5.5,1.0,5.0,11.0,0.0,0.0,0.0,0.0,0.0,6.0,16.5
428,15.0,15.0,82.5,1.0,5.0,11.0,0.0,0.0,0.0,126.0,4.0,20.0,93.5
429,0.0,0.0,0.0,1.0,5.0,11.0,0.0,0.0,0.0,0.0,0.0,5.0,11.0
430,1.0,1.0,5.5,6.0,30.0,66.0,0.0,0.0,0.0,139.0,6.0,31.0,71.5
431,1.0,1.0,5.5,3.0,15.0,33.0,0.0,0.0,0.0,0.0,0.0,16.0,38.5
432,1.0,1.0,5.5,4.0,20.0,44.0,0.0,0.0,0.0,0.0,0.0,21.0,49.5
433,1.0,1.0,5.5,1.0,5.0,11.0,0.0,0.0,0.0,0.0,0.0,6.0,16.5
434,1.0,1.0,5.5,4.0,20.0,44.0,0.0,0.0,0.0,70.0,5.0,21.0,49.5
435,0.0,0.0,0.0,0.0,0.0,0.0,0.0,0.0,0.0,0.0,0.0,0.0,0.0
436,0.0,0.0,0.0,4.0,20.0,44.0,0.0,0.0,0.0,45.0,3.0,20.0,44.0
437,0.0,0.0,0.0,2.0,10.0,22.0,0.0,0.0,0.0,0.0,0.0,10.0,22.0
438,0.0,0.0,0.0,3.0,15.0,33.0,0.0,0.0,0.0,0.0,0.0,15.0,33.0
439,0.0,0.0,0.0,2.0,10.0,22.0,0.0,0.0,0.0,0.0,0.0,10.0,22.0
440,0.0,0.0,0.0,6.0,30.0,66.0,0.0,0.0,0.0,28.0,1.0,30.0,66.0
441,1.0,1.0,5.5,4.0,20.0,44.0,1.0,150.0,25.0,182.0,7.0,171.0,74.5
442,1.0,1.0,5.5,4.0,20.0,44.0,0.0,0.0,0.0,85.0,3.0,21.0,49.5
443,0.0,0.0,0.0,6.0,30.0,66.0,0.0,0.0,0.0,67.0,3.0,30.0,66.0
444,0.0,0.0,0.0,4.0,20.0,44.0,0.0,0.0,0.0,58.0,2.0,20.0,44.0
445,0.0,0.0,0.0,11.0,55.0,121.0,1.0,150.0,25.0,639.0,23.0,205.0,146.0
446,0.0,0.0,0.0,8.0,40.0,88.0,0.0,0.0,0.0,106.0,5.0,40.0,88.0
447,1.0,1.0,5.5,3.0,15.0,33.0,0.0,0.0,0.0,14.0,1.0,16.0,38.5
448,1.0,1.0,5.5,3.0,15.0,33.0,1.0,150.0,25.0,200.0,5.0,166.0,63.5
449,0.0,0.0,0.0,7.0,35.0,77.0,0.0,0.0,0.0,22.0,1.0,35.0,77.0
450,0.0,0.0,0.0,8.0,40.0,88.0,0.0,0.0,0.0,305.0,9.0,40.0,88.0
451,1.0,1.0,5.5,5.0,25.0,55.0,1.0,150.0,25.0,252.0,7.0,176.0,85.5
452,0.0,0.0,0.0,3.0,15.0,33.0,0.0,0.0,0.0,0.0,0.0,15.0,33.0
453,0.0,0.0,0.0,0.0,0.0,0.0,0.0,0.0,0.0,0.0,0.0,0.0,0.0
454,0.0,0.0,0.0,2.0,10.0,22.0,0.0,0.0,0.0,0.0,0.0,10.0,22.0
455,0.0,0.0,0.0,2.0,10.0,22.0,0.0,0.0,0.0,0.0,0.0,10.0,22.0
456,0.0,0.0,0.0,3.0,15.0,33.0,0.0,0.0,0.0,0.0,0.0,15.0,33.0
457,0.0,0.0,0.0,2.0,10.0,22.0,0.0,0.0,0.0,0.0,0.0,10.0,22.0
458,1.0,1.0,5.5,4.0,20.0,44.0,2.0,300.0,50.0,439.0,9.0,321.0,99.5
459,1.0,1.0,5.5,1.0,5.0,11.0,0.0,0.0,0.0,0.0,0.0,6.0,16.5
460,0.0,0.0,0.0,8.0,40.0,88.0,1.0,150.0,25.0,140.0,7.0,190.0,113.0
461,0.0,0.0,0.0,7.0,35.0,77.0,0.0,0.0,0.0,166.0,5.0,35.0,77.0
462,1.0,1.0,5.5,4.0,20.0,44.0,0.0,0.0,0.0,164.0,4.0,21.0,49.5
463,0.0,0.0,0.0,9.0,45.0,99.0,0.0,0.0,0.0,41.0,4.0,45.0,99.0
464,0.0,0.0,0.0,3.0,15.0,33.0,0.0,0.0,0.0,12.0,1.0,15.0,33.0
465,1.0,1.0,5.5,2.0,10.0,22.0,0.0,0.0,0.0,0.0,0.0,11.0,27.5
466,1.0,1.0,5.5,2.0,10.0,22.0,0.0,0.0,0.0,0.0,0.0,11.0,27.5
467,1.0,1.0,5.5,0.0,0.0,0.0,0.0,0.0,0.0,0.0,0.0,1.0,5.5
468,0.0,0.0,0.0,8.0,40.0,88.0,1.0,150.0,25.0,420.0,13.0,190.0,113.0
469,4.0,4.0,22.0,7.0,35.0,77.0,1.0,150.0,25.0,258.0,7.0,189.0,124.0
470,1.0,1.0,5.5,13.0,65.0,143.0,1.0,150.0,25.0,489.0,13.0,216.0,173.5
471,0.0,0.0,0.0,3.0,15.0,33.0,0.0,0.0,0.0,0.0,0.0,15.0,33.0
472,0.0,0.0,0.0,0.0,0.0,0.0,0.0,0.0,0.0,0.0,0.0,0.0,0.0
473,1.0,1.0,5.5,3.0,15.0,33.0,0.0,0.0,0.0,12.0,1.0,16.0,38.5
474,1.0,1.0,5.5,2.0,10.0,22.0,0.0,0.0,0.0,62.0,3.0,11.0,27.5
475,0.0,0.0,0.0,4.0,20.0,44.0,0.0,0.0,0.0,40.0,3.0,20.0,44.0
476,1.0,1.0,5.5,3.0,15.0,33.0,0.0,0.0,0.0,0.0,0.0,16.0,38.5
477,0.0,0.0,0.0,0.0,0.0,0.0,0.0,0.0,0.0,0.0,0.0,0.0,0.0
478,0.0,0.0,0.0,0.0,0.0,0.0,0.0,0.0,0.0,0.0,0.0,0.0,0.0
479,0.0,0.0,0.0,4.0,20.0,44.0,0.0,0.0,0.0,20.0,2.0,20.0,44.0
480,1.0,1.0,5.5,5.0,25.0,55.0,0.0,0.0,0.0,130.0,5.0,26.0,60.5
481,0.0,0.0,0.0,3.0,15.0,33.0,0.0,0.0,0.0,0.0,0.0,15.0,33.0
482,0.0,0.0,0.0,3.0,15.0,33.0,0.0,0.0,0.0,0.0,0.0,15.0,33.0
483,1.0,1.0,5.5,5.0,25.0,55.0,1.0,150.0,25.0,222.0,7.0,176.0,85.5
484,0.0,0.0,0.0,6.0,30.0,66.0,0.0,0.0,0.0,77.0,4.0,30.0,66.0
485,1.0,1.0,5.5,2.0,10.0,22.0,0.0,0.0,0.0,0.0,0.0,11.0,27.5
486,0.0,0.0,0.0,11.0,55.0,121.0,0.0,0.0,0.0,281.0,9.0,55.0,121.0
487,0.0,0.0,0.0,0.0,0.0,0.0,0.0,0.0,0.0,0.0,0.0,0.0,0.0
488,0.0,0.0,0.0,0.0,0.0,0.0,0.0,0.0,0.0,0.0,0.0,0.0,0.0
489,0.0,0.0,0.0,2.0,10.0,22.0,0.0,0.0,0.0,0.0,0.0,10.0,22.0
490,1.0,1.0,5.5,2.0,10.0,22.0,0.0,0.0,0.0,0.0,0.0,11.0,27.5
491,0.0,0.0,0.0,0.0,0.0,0.0,0.0,0.0,0.0,0.0,0.0,0.0,0.0
492,0.0,0.0,0.0,1.0,5.0,11.0,0.0,0.0,0.0,0.0,0.0,5.0,11.0
493,1.0,1.0,5.5,3.0,15.0,33.0,0.0,0.0,0.0,0.0,0.0,16.0,38.5
494,1.0,1.0,5.5,1.0,5.0,11.0,0.0,0.0,0.0,0.0,0.0,6.0,16.5
495,1.0,1.0,5.5,1.0,5.0,11.0,0.0,0.0,0.0,0.0,0.0,6.0,16.5
496,0.0,0.0,0.0,0.0,0.0,0.0,0.0,0.0,0.0,0.0,0.0,0.0,0.0
497,0.0,0.0,0.0,2.0,10.0,22.0,0.0,0.0,0.0,0.0,0.0,10.0,22.0
498,0.0,0.0,0.0,10.0,50.0,110.0,1.0,150.0,25.0,229.0,6.0,200.0,135.0
499,0.0,0.0,0.0,8.0,40.0,88.0,0.0,0.0,0.0,379.0,9.0,40.0,88.0
500,1.0,1.0,5.5,11.0,55.0,121.0,1.0,150.0,25.0,340.0,9.0,206.0,151.5
501,0.0,0.0,0.0,9.0,45.0,99.0,0.0,0.0,0.0,224.0,9.0,45.0,99.0
502,1.0,1.0,5.5,1.0,5.0,11.0,0.0,0.0,0.0,0.0,0.0,6.0,16.5
503,1.0,1.0,5.5,1.0,5.0,11.0,0.0,0.0,0.0,0.0,0.0,6.0,16.5
504,0.0,0.0,0.0,0.0,0.0,0.0,0.0,0.0,0.0,0.0,0.0,0.0,0.0
505,1.0,1.0,5.5,5.0,25.0,55.0,0.0,0.0,0.0,58.0,4.0,26.0,60.5
506,0.0,0.0,0.0,4.0,20.0,44.0,0.0,0.0,0.0,0.0,0.0,20.0,44.0
507,1.0,1.0,5.5,3.0,15.0,33.0,0.0,0.0,0.0,0.0,0.0,16.0,38.5
508,1.0,1.0,5.5,1.0,5.0,11.0,0.0,0.0,0.0,0.0,0.0,6.0,16.5
509,0.0,0.0,0.0,3.0,15.0,33.0,0.0,0.0,0.0,0.0,0.0,15.0,33.0
510,0.0,0.0,0.0,0.0,0.0,0.0,0.0,0.0,0.0,0.0,0.0,0.0,0.0
511,0.0,0.0,0.0,0.0,0.0,0.0,0.0,0.0,0.0,0.0,0.0,0.0,0.0
512,0.0,0.0,0.0,7.0,35.0,77.0,0.0,0.0,0.0,171.0,6.0,35.0,77.0
513,0.0,0.0,0.0,2.0,10.0,22.0,0.0,0.0,0.0,0.0,0.0,10.0,22.0
514,1.0,1.0,5.5,2.0,10.0,22.0,0.0,0.0,0.0,60.0,3.0,11.0,27.5
515,0.0,0.0,0.0,5.0,25.0,55.0,1.0,150.0,25.0,361.0,8.0,175.0,80.0
516,1.0,1.0,5.5,4.0,20.0,44.0,0.0,0.0,0.0,0.0,0.0,21.0,49.5
517,0.0,0.0,0.0,0.0,0.0,0.0,0.0,0.0,0.0,0.0,0.0,0.0,0.0
518,1.0,1.0,5.5,2.0,10.0,22.0,0.0,0.0,0.0,0.0,0.0,11.0,27.5
519,0.0,0.0,0.0,3.0,15.0,33.0,0.0,0.0,0.0,0.0,0.0,15.0,33.0
520,0.0,0.0,0.0,1.0,5.0,11.0,0.0,0.0,0.0,0.0,0.0,5.0,11.0
521,0.0,0.0,0.0,0.0,0.0,0.0,0.0,0.0,0.0,0.0,0.0,0.0,0.0
522,0.0,0.0,0.0,3.0,15.0,33.0,0.0,0.0,0.0,0.0,0.0,15.0,33.0
523,0.0,0.0,0.0,0.0,0.0,0.0,0.0,0.0,0.0,0.0,0.0,0.0,0.0
524,0.0,0.0,0.0,4.0,20.0,44.0,0.0,0.0,0.0,0.0,0.0,20.0,44.0
525,0.0,0.0,0.0,0.0,0.0,0.0,0.0,0.0,0.0,0.0,0.0,0.0,0.0
526,1.0,1.0,5.5,1.0,5.0,11.0,0.0,0.0,0.0,0.0,0.0,6.0,16.5
527,0.0,0.0,0.0,3.0,15.0,33.0,0.0,0.0,0.0,0.0,0.0,15.0,33.0
528,2.0,2.0,11.0,4.0,20.0,44.0,0.0,0.0,0.0,0.0,0.0,22.0,55.0
529,0.0,0.0,0.0,0.0,0.0,0.0,0.0,0.0,0.0,0.0,0.0,0.0,0.0
530,0.0,0.0,0.0,4.0,20.0,44.0,0.0,0.0,0.0,95.0,3.0,20.0,44.0
531,1.0,1.0,5.5,3.0,15.0,33.0,0.0,0.0,0.0,0.0,0.0,16.0,38.5
532,1.0,1.0,5.5,0.0,0.0,0.0,0.0,0.0,0.0,0.0,0.0,1.0,5.5
533,1.0,1.0,5.5,4.0,20.0,44.0,0.0,0.0,0.0,72.0,4.0,21.0,49.5
534,1.0,1.0,5.5,2.0,10.0,22.0,0.0,0.0,0.0,0.0,0.0,11.0,27.5
535,1.0,1.0,5.5,1.0,5.0,11.0,0.0,0.0,0.0,0.0,0.0,6.0,16.5
536,5.0,5.0,27.5,3.0,15.0,33.0,0.0,0.0,0.0,0.0,0.0,20.0,60.5
537,0.0,0.0,0.0,3.0,15.0,33.0,0.0,0.0,0.0,17.0,2.0,15.0,33.0
538,0.0,0.0,0.0,0.0,0.0,0.0,0.0,0.0,0.0,0.0,0.0,0.0,0.0
539,0.0,0.0,0.0,4.0,20.0,44.0,0.0,0.0,0.0,21.0,2.0,20.0,44.0
540,5.0,5.0,27.5,3.0,15.0,33.0,0.0,0.0,0.0,0.0,0.0,20.0,60.5
541,1.0,1.0,5.5,3.0,15.0,33.0,0.0,0.0,0.0,0.0,0.0,16.0,38.5
542,0.0,0.0,0.0,3.0,15.0,33.0,0.0,0.0,0.0,0.0,0.0,15.0,33.0
543,1.0,1.0,5.5,2.0,10.0,22.0,0.0,0.0,0.0,0.0,0.0,11.0,27.5
544,0.0,0.0,0.0,0.0,0.0,0.0,0.0,0.0,0.0,0.0,0.0,0.0,0.0
545,1.0,1.0,5.5,2.0,10.0,22.0,0.0,0.0,0.0,0.0,0.0,11.0,27.5
546,0.0,0.0,0.0,4.0,20.0,44.0,0.0,0.0,0.0,0.0,0.0,20.0,44.0
547,1.0,1.0,5.5,0.0,0.0,0.0,0.0,0.0,0.0,0.0,0.0,1.0,5.5
548,0.0,0.0,0.0,7.0,35.0,77.0,0.0,0.0,0.0,132.0,6.0,35.0,77.0
549,0.0,0.0,0.0,8.0,40.0,88.0,1.0,150.0,25.0,451.0,7.0,190.0,113.0
550,0.0,0.0,0.0,3.0,15.0,33.0,0.0,0.0,0.0,29.0,2.0,15.0,33.0
551,0.0,0.0,0.0,3.0,15.0,33.0,0.0,0.0,0.0,0.0,0.0,15.0,33.0
552,1.0,1.0,5.5,3.0,15.0,33.0,0.0,0.0,0.0,59.0,4.0,16.0,38.5
553,1.0,1.0,5.5,4.0,20.0,44.0,1.0,150.0,25.0,120.0,6.0,171.0,74.5
554,0.0,0.0,0.0,2.0,10.0,22.0,0.0,0.0,0.0,0.0,0.0,10.0,22.0
555,1.0,1.0,5.5,3.0,15.0,33.0,0.0,0.0,0.0,0.0,0.0,16.0,38.5
556,0.0,0.0,0.0,2.0,10.0,22.0,0.0,0.0,0.0,0.0,0.0,10.0,22.0
557,6.0,6.0,33.0,4.0,20.0,44.0,0.0,0.0,0.0,74.0,4.0,26.0,77.0
558,1.0,1.0,5.5,3.0,15.0,33.0,0.0,0.0,0.0,40.0,2.0,16.0,38.5
559,1.0,1.0,5.5,0.0,0.0,0.0,0.0,0.0,0.0,0.0,0.0,1.0,5.5
560,0.0,0.0,0.0,3.0,15.0,33.0,0.0,0.0,0.0,0.0,0.0,15.0,33.0
561,0.0,0.0,0.0,0.0,0.0,0.0,0.0,0.0,0.0,0.0,0.0,0.0,0.0
562,0.0,0.0,0.0,0.0,0.0,0.0,0.0,0.0,0.0,0.0,0.0,0.0,0.0
563,1.0,1.0,5.5,4.0,20.0,44.0,1.0,150.0,25.0,52.0,5.0,171.0,74.5
564,0.0,0.0,0.0,0.0,0.0,0.0,0.0,0.0,0.0,0.0,0.0,0.0,0.0
565,0.0,0.0,0.0,3.0,15.0,33.0,0.0,0.0,0.0,0.0,0.0,15.0,33.0
566,0.0,0.0,0.0,7.0,35.0,77.0,0.0,0.0,0.0,326.0,8.0,35.0,77.0
567,1.0,1.0,5.5,4.0,20.0,44.0,1.0,150.0,25.0,103.0,4.0,171.0,74.5
568,0.0,0.0,0.0,8.0,40.0,88.0,0.0,0.0,0.0,129.0,5.0,40.0,88.0
569,0.0,0.0,0.0,14.0,70.0,154.0,1.0,150.0,25.0,152.0,5.0,220.0,179.0
570,0.0,0.0,0.0,6.0,30.0,66.0,0.0,0.0,0.0,0.0,0.0,30.0,66.0
571,1.0,1.0,5.5,5.0,25.0,55.0,0.0,0.0,0.0,97.0,6.0,26.0,60.5
572,0.0,0.0,0.0,1.0,5.0,11.0,0.0,0.0,0.0,0.0,0.0,5.0,11.0
573,0.0,0.0,0.0,2.0,10.0,22.0,0.0,0.0,0.0,0.0,0.0,10.0,22.0
574,18.0,18.0,99.0,3.0,15.0,33.0,0.0,0.0,0.0,65.0,4.0,33.0,132.0
575,0.0,0.0,0.0,5.0,25.0,55.0,0.0,0.0,0.0,0.0,0.0,25.0,55.0
576,0.0,0.0,0.0,1.0,5.0,11.0,0.0,0.0,0.0,0.0,0.0,5.0,11.0
577,0.0,0.0,0.0,12.0,60.0,132.0,1.0,150.0,25.0,492.0,22.0,210.0,157.0
578,8.0,8.0,44.0,2.0,10.0,22.0,1.0,150.0,25.0,127.0,8.0,168.0,91.0
579,1.0,1.0,5.5,6.0,30.0,66.0,0.0,0.0,0.0,161.0,4.0,31.0,71.5
580,0.0,0.0,0.0,6.0,30.0,66.0,0.0,0.0,0.0,92.0,4.0,30.0,66.0
581,0.0,0.0,0.0,0.0,0.0,0.0,0.0,0.0,0.0,0.0,0.0,0.0,0.0
582,0.0,0.0,0.0,2.0,10.0,22.0,0.0,0.0,0.0,0.0,0.0,10.0,22.0
583,0.0,0.0,0.0,2.0,10.0,22.0,0.0,0.0,0.0,0.0,0.0,10.0,22.0
584,7.0,7.0,38.5,4.0,20.0,44.0,0.0,0.0,0.0,118.0,5.0,27.0,82.5
585,0.0,0.0,0.0,5.0,25.0,55.0,0.0,0.0,0.0,0.0,0.0,25.0,55.0
586,1.0,1.0,5.5,11.0,55.0,121.0,1.0,150.0,25.0,219.0,11.0,206.0,151.5
