HexID,AnnualPublicDemand_kWh,AnnualSlack_kWh,AnnualRedirectionOut_kWh,AnnualRedirectionIn_kWh,NetRedirectionIn_kWh,ChargerFootprintUsed,ParkingFootprintLimit,FootprintBinding,InstalledCapacity_kWh_slot
271,2236502.5,0.0,0.0,0.0,0.0,158.0,160.5,False,473.0
246,1397850.0,0.0,0.0,0.0,0.0,125.0,186.0,False,275.0
248,1387427.5,0.0,0.0,0.0,0.0,165.0,245.0,False,363.0
361,1197820.0,0.0,0.0,0.0,0.0,351.0,385.0,False,470.5
272,1111677.5,0.0,0.0,0.0,0.0,260.0,340.5,False,267.0
227,1038563.542867974,0.0,0.0,0.0,0.0,208.0,208.5,False,228.5
292,980910.0,0.0,0.0,0.0,0.0,261.0,353.0,False,272.5
294,903985.0,0.0,0.0,0.0,0.0,225.0,239.0,False,190.0
156,885482.5,0.0,0.0,0.0,0.0,364.0,365.5,False,237.0
225,880527.5,0.0,0.0,0.0,0.0,95.0,176.0,False,209.0
211,719725.0,0.0,0.0,0.0,0.0,241.0,281.0,False,228.5
245,716259.254306437,0.0,0.0,0.0,0.0,207.0,208.5,False,173.5
321,700687.5,0.0,0.0,0.0,0.0,201.0,240.5,False,140.5
470,683637.4091864305,0.0,0.0,0.0,0.0,216.0,264.5,False,173.5
445,658312.0386284861,0.0,0.0,0.0,0.0,205.0,271.0,False,146.0
315,657170.0,0.0,0.0,0.0,0.0,206.0,244.0,False,151.5
247,644060.0,0.0,0.0,0.0,0.0,75.0,161.5,False,165.0
293,639555.0,0.0,0.0,0.0,0.0,190.0,191.0,False,162.5
267,620413.5886703597,0.0,0.0,0.0,0.0,206.0,234.0,False,151.5
160,613362.1256088713,0.0,0.0,0.0,0.0,365.0,380.0,False,193.0
291,613312.5,0.0,0.0,0.0,0.0,76.0,107.5,False,170.5
230,601018.1990607094,0.0,0.0,0.0,0.0,205.0,280.5,False,146.0
142,592689.0308376575,0.0,0.0,0.0,0.0,205.0,299.0,False,146.0
213,580367.5,0.0,0.0,0.0,0.0,181.0,182.5,False,129.5
273,541272.5,0.0,0.0,0.0,0.0,331.0,344.0,False,121.5
135,537839.9569208245,0.0,0.0,0.0,0.0,331.0,337.0,False,121.5
118,528610.7089859851,0.0,0.0,0.0,0.0,340.0,348.0,False,138.0
468,514758.07042043214,0.0,0.0,0.0,0.0,190.0,231.5,False,113.0
352,506986.75753075944,0.0,0.0,0.0,0.0,200.0,236.5,False,135.0
111,498212.5,0.0,0.0,0.0,0.0,201.0,272.5,False,140.5
324,478577.5,0.0,0.0,0.0,0.0,191.0,223.5,False,118.5
577,471383.9078027329,0.0,0.0,0.0,0.0,210.0,211.0,False,157.0
349,469660.0,0.0,0.0,0.0,0.0,60.0,112.0,False,132.0
249,469232.5,0.0,0.0,0.0,0.0,201.0,205.0,False,140.5
347,450100.0,0.0,0.0,0.0,0.0,185.0,187.5,False,168.0
386,444227.5,0.0,0.0,0.0,0.0,230.0,297.0,False,201.0
159,441667.5,0.0,0.0,0.0,0.0,190.0,275.5,False,113.0
287,435750.76323251415,0.0,0.0,0.0,0.0,174.0,175.0,False,107.5
178,422545.0,0.0,0.0,0.0,0.0,201.0,261.5,False,140.5
110,416815.0,0.0,0.0,0.0,0.0,320.0,328.0,False,94.0
549,409905.0,0.0,0.0,0.0,0.0,190.0,299.0,False,113.0
419,400285.81043956045,0.0,0.0,0.0,0.0,168.0,168.5,False,91.0
268,399520.0,0.0,0.0,0.0,0.0,220.0,265.5,False,179.0
340,391905.0,0.0,0.0,0.0,0.0,185.0,297.5,False,102.0
229,388947.5,0.0,0.0,0.0,0.0,181.0,293.5,False,96.5
75,388145.0,0.0,0.0,0.0,0.0,86.0,89.5,False,192.5
215,387632.5,0.0,0.0,0.0,0.0,45.0,105.0,False,99.0
76,387407.5,0.0,0.0,0.0,0.0,51.0,108.5,False,115.5
299,385575.0,0.0,0.0,0.0,0.0,50.0,112.5,False,110.0
362,385275.0,0.0,0.0,0.0,0.0,345.0,377.0,False,149.0
197,384158.30809522036,0.0,0.0,0.0,0.0,335.0,336.0,False,127.0
191,377140.0,0.0,0.0,0.0,0.0,194.0,195.5,False,135.0
134,370329.4843812575,0.0,0.0,0.0,0.0,190.0,314.0,False,113.0
94,368402.5,0.0,0.0,0.0,0.0,349.0,349.5,False,171.0
316,366257.5,0.0,0.0,0.0,0.0,326.0,385.0,False,110.5
228,363837.5,0.0,0.0,0.0,0.0,70.0,121.5,False,154.0
192,360315.2005347594,0.0,0.0,0.0,0.0,186.0,248.5,False,107.5
214,359545.0,0.0,0.0,0.0,0.0,330.0,351.5,False,116.0
345,359242.5,0.0,0.0,0.0,0.0,335.0,345.0,False,127.0
322,358160.0,0.0,0.0,0.0,0.0,165.0,166.0,False,91.0
212,356945.0,0.0,0.0,0.0,0.0,195.0,239.5,False,124.0
175,356647.5,0.0,0.0,0.0,0.0,326.0,385.0,False,110.5
86,352041.8275154004,0.0,0.0,0.0,0.0,46.0,123.0,False,104.5
370,351806.47295935504,0.0,0.0,0.0,0.0,205.0,221.0,False,146.0
93,348967.5,0.0,0.0,0.0,0.0,180.0,297.0,False,91.0
274,346452.5,0.0,0.0,0.0,0.0,52.0,54.0,False,121.0
424,343222.5,0.0,0.0,0.0,0.0,45.0,132.5,False,99.0
586,342338.71798052476,0.0,0.0,0.0,0.0,206.0,260.0,False,151.5
143,340655.0,0.0,0.0,0.0,0.0,186.0,314.0,False,107.5
365,337975.0,0.0,0.0,0.0,0.0,180.0,226.5,False,91.0
89,333357.5,0.0,0.0,0.0,0.0,201.0,305.0,False,140.5
388,332121.0236220473,0.0,0.0,0.0,0.0,176.0,288.0,False,85.5
314,331407.5,0.0,0.0,0.0,0.0,341.0,367.0,False,143.5
269,330485.0,0.0,0.0,0.0,0.0,185.0,248.0,False,102.0
421,330065.0,0.0,0.0,0.0,0.0,200.0,283.5,False,135.0
161,327291.8003718953,0.0,0.0,0.0,0.0,40.0,145.0,False,88.0
312,323717.5,0.0,0.0,0.0,0.0,205.0,221.0,False,146.0
113,321537.5,0.0,0.0,0.0,0.0,326.0,384.0,False,110.5
499,319827.79356768884,0.0,0.0,0.0,0.0,40.0,152.0,False,88.0
261,316252.5,0.0,0.0,0.0,0.0,201.0,248.0,False,140.5
377,315517.5,0.0,0.0,0.0,0.0,340.0,351.0,False,138.0
320,309168.4808665054,0.0,0.0,0.0,0.0,167.0,168.0,False,85.5
515,307277.5,0.0,0.0,0.0,0.0,175.0,217.5,False,80.0
288,305607.5,0.0,0.0,0.0,0.0,40.0,152.0,False,88.0
500,305197.5,0.0,0.0,0.0,0.0,206.0,212.0,False,151.5
254,303095.0,0.0,0.0,0.0,0.0,80.0,125.5,False,176.0
367,300806.379350348,0.0,0.0,0.0,0.0,36.0,107.0,False,82.5
171,300332.1301775148,0.0,0.0,0.0,0.0,41.0,156.0,False,93.5
323,297862.5,0.0,0.0,0.0,0.0,325.0,346.0,False,105.0
381,297492.5,0.0,0.0,0.0,0.0,41.0,58.5,False,93.5
331,295737.5,0.0,0.0,0.0,0.0,41.0,133.5,False,93.5
100,295212.6761774696,0.0,0.0,0.0,0.0,35.0,52.5,False,77.0
458,291865.0,0.0,0.0,0.0,0.0,321.0,385.5,False,99.5
138,275167.5,0.0,0.0,0.0,0.0,41.0,148.0,False,93.5
280,273962.5,0.0,0.0,0.0,0.0,195.0,199.5,False,124.0
403,272777.5,0.0,0.0,0.0,0.0,185.0,366.5,False,102.0
56,272765.0,0.0,0.0,0.0,0.0,175.0,310.0,False,80.0
125,270585.0,0.0,0.0,0.0,0.0,172.0,173.5,False,113.0
114,269447.5,0.0,0.0,0.0,0.0,191.0,385.5,False,118.5
355,268545.43252611323,0.0,0.0,0.0,0.0,36.0,132.0,False,82.5
486,265872.5,0.0,0.0,0.0,0.0,55.0,133.5,False,121.0
375,263783.632218845,0.0,0.0,0.0,0.0,31.0,135.0,False,71.5
139,261462.5,0.0,0.0,0.0,0.0,31.0,103.0,False,71.5
450,260555.0,0.0,0.0,0.0,0.0,40.0,152.5,False,88.0
270,260432.5,0.0,0.0,0.0,0.0,191.0,217.5,False,118.5
148,258240.0,0.0,0.0,0.0,0.0,164.0,164.5,False,69.0
460,258228.5734248205,0.0,0.0,0.0,0.0,190.0,244.5,False,113.0
289,255455.0,0.0,0.0,0.0,0.0,326.0,385.0,False,110.5
423,251037.5,0.0,0.0,0.0,0.0,61.0,144.0,False,137.5
209,249732.5,0.0,0.0,0.0,0.0,31.0,57.5,False,71.5
193,249686.24516790378,0.0,0.0,0.0,0.0,40.0,143.0,False,88.0
318,247875.0,0.0,0.0,0.0,0.0,65.0,122.5,False,143.0
378,246667.7122835944,0.0,0.0,0.0,0.0,46.0,90.0,False,104.5
198,246525.0,0.0,0.0,0.0,0.0,56.0,140.5,False,126.5
569,246005.7112928812,0.0,0.0,0.0,0.0,220.0,271.5,False,179.0
566,242912.5,0.0,0.0,0.0,0.0,35.0,138.5,False,77.0
441,242092.5,0.0,0.0,0.0,0.0,171.0,310.5,False,74.5
85,240525.0,0.0,0.0,0.0,0.0,175.0,301.0,False,80.0
164,240455.0,0.0,0.0,0.0,0.0,180.0,290.5,False,91.0
88,236845.0,0.0,0.0,0.0,0.0,181.0,312.5,False,96.5
469,235865.0,0.0,0.0,0.0,0.0,189.0,191.0,False,124.0
57,234259.28614702693,0.0,0.0,0.0,0.0,22.0,24.0,False,88.0
319,232470.0,0.0,0.0,0.0,0.0,51.0,161.5,False,115.5
548,230457.5,0.0,0.0,0.0,0.0,35.0,142.0,False,77.0
290,229132.5,0.0,0.0,0.0,0.0,196.0,385.5,False,129.5
149,227432.5,0.0,0.0,0.0,0.0,200.0,296.5,False,135.0
226,227387.5,0.0,0.0,0.0,0.0,35.0,36.0,False,93.5
152,227196.13905325445,0.0,0.0,0.0,0.0,30.0,100.0,False,66.0
360,227062.5,0.0,0.0,0.0,0.0,180.0,207.5,False,91.0
126,225757.5,0.0,0.0,0.0,0.0,183.0,184.0,False,107.5
115,224970.0,0.0,0.0,0.0,0.0,181.0,275.5,False,96.5
206,223462.5,0.0,0.0,0.0,0.0,180.0,191.5,False,91.0
401,222617.5,0.0,0.0,0.0,0.0,25.0,95.0,False,55.0
461,222603.1660184735,0.0,0.0,0.0,0.0,35.0,91.0,False,77.0
112,221880.0,0.0,0.0,0.0,0.0,171.0,230.0,False,74.5
157,221375.0,0.0,0.0,0.0,0.0,200.0,385.0,False,135.0
338,220832.5,0.0,0.0,0.0,0.0,24.0,25.0,False,66.0
117,220790.0,0.0,0.0,0.0,0.0,175.0,377.5,False,80.0
297,219417.5,0.0,0.0,0.0,0.0,30.0,98.5,False,66.0
196,218762.5,0.0,0.0,0.0,0.0,185.0,215.5,False,102.0
579,217132.5,0.0,0.0,0.0,0.0,31.0,48.5,False,71.5
402,215512.5,0.0,0.0,0.0,0.0,175.0,244.0,False,80.0
356,214242.77567699438,0.0,0.0,0.0,0.0,51.0,161.0,False,115.5
568,214192.5,0.0,0.0,0.0,0.0,40.0,152.0,False,88.0
420,213037.5,0.0,0.0,0.0,0.0,176.0,265.5,False,85.5
231,212297.5,0.0,0.0,0.0,0.0,30.0,50.0,False,66.0
286,211197.5,0.0,0.0,0.0,0.0,175.0,207.5,False,80.0
578,210835.0,0.0,0.0,0.0,0.0,168.0,168.0,True,91.0
43,210082.5,0.0,0.0,0.0,0.0,29.0,29.5,False,77.0
394,208994.6793172025,0.0,0.0,0.0,0.0,166.0,277.0,False,63.5
295,205897.5,0.0,0.0,0.0,0.0,26.0,144.5,False,60.5
172,204572.5,0.0,0.0,0.0,0.0,56.0,58.0,False,126.5
250,204288.44620868439,0.0,0.0,0.0,0.0,35.0,51.0,False,77.0
133,203200.0,0.0,0.0,0.0,0.0,30.0,147.5,False,66.0
371,202867.5,0.0,0.0,0.0,0.0,171.0,243.0,False,74.5
342,199907.5,0.0,0.0,0.0,0.0,180.0,228.0,False,91.0
451,195690.0,0.0,0.0,0.0,0.0,176.0,184.5,False,85.5
353,193200.0,0.0,0.0,0.0,0.0,165.0,166.0,False,74.5
162,193042.5,0.0,0.0,0.0,0.0,30.0,95.0,False,66.0
141,192767.5,0.0,0.0,0.0,0.0,181.0,362.5,False,96.5
369,192600.0,0.0,0.0,0.0,0.0,26.0,119.5,False,60.5
399,192285.01196172248,0.0,0.0,0.0,0.0,41.0,68.5,False,93.5
341,190360.0,0.0,0.0,0.0,0.0,170.0,188.5,False,69.0
187,189335.0,0.0,0.0,0.0,0.0,31.0,34.5,False,71.5
108,186535.0,0.0,0.0,0.0,0.0,41.0,86.0,False,93.5
208,186052.5,0.0,0.0,0.0,0.0,50.0,86.5,False,110.0
68,183505.0,0.0,0.0,0.0,0.0,25.0,107.0,False,55.0
123,183127.5,0.0,0.0,0.0,0.0,27.0,27.5,False,82.5
300,180692.5,0.0,0.0,0.0,0.0,35.0,45.5,False,77.0
46,180655.0,0.0,0.0,0.0,0.0,30.0,71.0,False,66.0
72,179557.5,0.0,0.0,0.0,0.0,171.0,257.0,False,74.5
430,179502.5,0.0,0.0,0.0,0.0,31.0,73.5,False,71.5
462,179113.49042709867,0.0,0.0,0.0,0.0,21.0,118.0,False,49.5
91,178862.5,0.0,0.0,0.0,0.0,168.0,168.5,False,74.5
107,178701.54426340357,0.0,0.0,0.0,0.0,170.0,384.5,False,69.0
244,178087.5,0.0,0.0,0.0,0.0,186.0,234.5,False,107.5
233,177796.2182502352,0.0,0.0,0.0,0.0,21.0,22.5,False,66.0
448,176037.5,0.0,0.0,0.0,0.0,166.0,223.5,False,63.5
584,175740.0,0.0,0.0,0.0,0.0,27.0,28.0,False,82.5
174,175205.0,0.0,0.0,0.0,0.0,175.0,203.5,False,80.0
351,174205.0,0.0,0.0,0.0,0.0,26.0,26.5,False,77.0
344,173832.5,0.0,0.0,0.0,0.0,181.0,358.0,False,96.5
374,172676.8734256927,0.0,0.0,0.0,0.0,159.0,159.5,False,58.0
313,171917.5,0.0,0.0,0.0,0.0,170.0,209.5,False,69.0
127,169567.08737864078,0.0,0.0,0.0,0.0,41.0,70.0,False,93.5
296,169452.0502680089,0.0,0.0,0.0,0.0,26.0,66.0,False,60.5
574,169445.96774193548,0.0,0.0,0.0,0.0,33.0,33.0,True,132.0
74,168497.5,0.0,0.0,0.0,0.0,31.0,101.5,False,71.5
154,167525.0,0.0,0.0,0.0,0.0,36.0,154.0,False,82.5
179,164122.5,0.0,0.0,0.0,0.0,41.0,89.0,False,93.5
373,163060.0,0.0,0.0,0.0,0.0,36.0,70.0,False,82.5
224,163000.0,0.0,0.0,0.0,0.0,165.0,295.5,False,58.0
567,162860.0,0.0,0.0,0.0,0.0,171.0,245.5,False,74.5
337,160312.3092803775,0.0,0.0,0.0,0.0,170.0,271.5,False,69.0
53,160150.0,0.0,0.0,0.0,0.0,30.0,59.5,False,66.0
364,159590.0,0.0,0.0,0.0,0.0,158.0,159.0,False,69.0
498,158205.0,0.0,0.0,0.0,0.0,200.0,274.5,False,135.0
119,157160.0,0.0,0.0,0.0,0.0,30.0,86.5,False,66.0
415,153980.0,0.0,0.0,0.0,0.0,21.0,22.5,False,99.0
501,153120.0,0.0,0.0,0.0,0.0,45.0,115.0,False,99.0
92,153092.5,0.0,0.0,0.0,0.0,165.0,252.0,False,58.0
392,152405.0,0.0,0.0,0.0,0.0,26.0,44.5,False,60.5
238,150857.5,0.0,0.0,0.0,0.0,171.0,373.0,False,74.5
366,150637.5,0.0,0.0,0.0,0.0,181.0,266.5,False,96.5
408,149210.26788455635,0.0,0.0,0.0,0.0,34.0,34.0,True,88.0
317,147757.5,0.0,0.0,0.0,0.0,36.0,143.0,False,82.5
95,147157.5,0.0,0.0,0.0,0.0,21.0,111.0,False,49.5
463,147084.1149840815,0.0,0.0,0.0,0.0,45.0,52.5,False,99.0
234,146721.25776397515,0.0,0.0,0.0,0.0,30.0,65.5,False,66.0
348,146310.0,0.0,0.0,0.0,0.0,21.0,29.5,False,49.5
395,145945.0,0.0,0.0,0.0,0.0,36.0,129.0,False,82.5
426,145482.1272451344,0.0,0.0,0.0,0.0,26.0,72.5,False,60.5
253,144525.0,0.0,0.0,0.0,0.0,20.0,71.5,False,44.0
483,143212.5,0.0,0.0,0.0,0.0,176.0,347.0,False,85.5
281,142460.0,0.0,0.0,0.0,0.0,30.0,134.0,False,66.0
189,142258.9224137931,0.0,0.0,0.0,0.0,156.0,185.0,False,41.5
389,140932.5,0.0,0.0,0.0,0.0,26.0,27.5,False,77.0
153,140572.5,0.0,0.0,0.0,0.0,46.0,74.0,False,104.5
90,140397.5,0.0,0.0,0.0,0.0,170.0,190.0,False,69.0
379,139750.0,0.0,0.0,0.0,0.0,40.0,44.5,False,88.0
512,138015.0,0.0,0.0,0.0,0.0,35.0,65.5,False,77.0
190,137522.5,0.0,0.0,0.0,0.0,30.0,55.0,False,66.0
278,137477.5,0.0,0.0,0.0,0.0,30.0,30.0,True,115.5
443,134575.0,0.0,0.0,0.0,0.0,30.0,119.5,False,66.0
137,133905.0,0.0,0.0,0.0,0.0,171.0,318.5,False,74.5
136,133282.5,0.0,0.0,0.0,0.0,170.0,350.5,False,69.0
446,132592.5,0.0,0.0,0.0,0.0,40.0,159.0,False,88.0
260,129352.5,0.0,0.0,0.0,0.0,165.0,243.0,False,58.0
188,128280.0,0.0,0.0,0.0,0.0,171.0,185.0,False,74.5
28,127707.5,0.0,0.0,0.0,0.0,21.0,114.0,False,49.5
205,127070.0,0.0,0.0,0.0,0.0,25.0,52.5,False,55.0
480,125881.86643835616,0.0,0.0,0.0,0.0,26.0,39.5,False,60.5
155,124598.76027575729,0.0,0.0,0.0,0.0,165.0,279.5,False,58.0
71,123052.5,0.0,0.0,0.0,0.0,155.0,157.5,False,36.0
275,121925.0,0.0,0.0,0.0,0.0,26.0,134.0,False,60.5
70,121882.5,0.0,0.0,0.0,0.0,27.0,27.5,False,66.0
346,119555.0,0.0,0.0,0.0,0.0,176.0,337.0,False,85.5
553,116520.0,0.0,0.0,0.0,0.0,171.0,309.0,False,74.5
96,115137.5,0.0,0.0,0.0,0.0,25.0,91.0,False,55.0
144,114309.70249520153,0.0,0.0,0.0,0.0,161.0,185.0,False,52.5
210,113162.5,0.0,0.0,0.0,0.0,45.0,138.0,False,99.0
449,112957.5,0.0,0.0,0.0,0.0,35.0,147.5,False,77.0
306,112922.5,0.0,0.0,0.0,0.0,161.0,208.5,False,52.5
409,112700.1230228471,0.0,0.0,0.0,0.0,25.0,67.5,False,55.0
350,112565.0,0.0,0.0,0.0,0.0,25.0,59.0,False,55.0
305,110717.5,0.0,0.0,0.0,0.0,25.0,74.5,False,55.0
307,110625.0,0.0,0.0,0.0,0.0,30.0,54.0,False,66.0
279,107708.34008917715,0.0,0.0,0.0,0.0,20.0,69.5,False,44.0
328,105347.5,0.0,0.0,0.0,0.0,21.0,70.0,False,49.5
411,104697.5,0.0,0.0,0.0,0.0,29.0,30.5,False,77.0
428,103912.5,0.0,0.0,0.0,0.0,20.0,22.5,False,93.5
69,103310.0,0.0,0.0,0.0,0.0,16.0,152.0,False,38.5
404,101510.0,0.0,0.0,0.0,0.0,161.0,174.5,False,52.5
506,100352.5,0.0,0.0,0.0,0.0,20.0,22.5,False,44.0
200,98312.5,0.0,0.0,0.0,0.0,25.0,54.5,False,55.0
397,98180.0,0.0,0.0,0.0,0.0,165.0,255.5,False,58.0
380,98082.5,0.0,0.0,0.0,0.0,30.0,94.0,False,66.0
516,96537.5,0.0,0.0,0.0,0.0,21.0,79.0,False,49.5
120,95945.0,0.0,0.0,0.0,0.0,16.0,47.0,False,38.5
54,95935.73943661971,0.0,0.0,0.0,0.0,16.0,71.0,False,38.5
533,95747.5,0.0,0.0,0.0,0.0,21.0,37.5,False,49.5
124,92365.0,0.0,0.0,0.0,0.0,20.0,22.5,False,44.0
283,91655.0,0.0,0.0,0.0,0.0,171.0,315.5,False,74.5
387,90735.0,0.0,0.0,0.0,0.0,16.0,124.0,False,38.5
84,89755.0,0.0,0.0,0.0,0.0,16.0,78.0,False,38.5
505,89287.5,0.0,0.0,0.0,0.0,26.0,26.0,True,60.5
540,88942.5,0.0,0.0,0.0,0.0,20.0,22.5,False,60.5
195,88795.0,0.0,0.0,0.0,0.0,31.0,155.0,False,71.5
391,88312.5,0.0,0.0,0.0,0.0,30.0,182.5,False,66.0
183,87905.0,0.0,0.0,0.0,0.0,160.0,247.0,False,47.0
266,87152.5303555941,0.0,0.0,0.0,0.0,16.0,132.5,False,38.5
39,87147.5,0.0,0.0,0.0,0.0,21.0,22.5,False,49.5
475,87039.50086388942,0.0,0.0,0.0,0.0,20.0,31.5,False,44.0
38,86632.5,0.0,0.0,0.0,0.0,21.0,22.5,False,49.5
182,85725.0,0.0,0.0,0.0,0.0,32.0,32.0,True,77.0
241,83650.0,0.0,0.0,0.0,0.0,156.0,350.0,False,41.5
87,83417.5,0.0,0.0,0.0,0.0,156.0,239.0,False,41.5
336,83240.0,0.0,0.0,0.0,0.0,160.0,346.0,False,47.0
80,83217.5,0.0,0.0,0.0,0.0,22.0,22.5,False,55.0
484,81837.5,0.0,0.0,0.0,0.0,30.0,63.5,False,66.0
432,81467.5,0.0,0.0,0.0,0.0,21.0,22.5,False,49.5
571,81452.79921942757,0.0,0.0,0.0,0.0,26.0,35.5,False,60.5
59,81180.0,0.0,0.0,0.0,0.0,15.0,22.5,False,33.0
357,81117.5,0.0,0.0,0.0,0.0,15.0,22.5,False,33.0
36,80862.5,0.0,0.0,0.0,0.0,20.0,22.5,False,44.0
557,79820.0,0.0,0.0,0.0,0.0,26.0,28.5,False,77.0
176,79057.5,0.0,0.0,0.0,0.0,20.0,66.0,False,44.0
257,78247.5,0.0,0.0,0.0,0.0,21.0,22.5,False,49.5
530,77747.5,0.0,0.0,0.0,0.0,20.0,80.5,False,44.0
177,77107.5,0.0,0.0,0.0,0.0,26.0,36.5,False,60.5
99,75367.5,0.0,0.0,0.0,0.0,21.0,137.0,False,49.5
412,75145.0,0.0,0.0,0.0,0.0,21.0,22.5,False,49.5
363,74340.0,0.0,0.0,0.0,0.0,160.0,166.0,False,47.0
166,74227.5,0.0,0.0,0.0,0.0,16.0,22.5,False,38.5
26,74216.05265478921,0.0,0.0,0.0,0.0,155.0,158.5,False,36.0
12,73205.0,0.0,0.0,0.0,0.0,20.0,68.5,False,44.0
165,71915.0,0.0,0.0,0.0,0.0,20.0,150.0,False,44.0
109,71745.0,0.0,0.0,0.0,0.0,26.0,135.0,False,60.5
555,71559.69936708861,0.0,0.0,0.0,0.0,16.0,22.5,False,38.5
434,69920.0,0.0,0.0,0.0,0.0,21.0,22.5,False,49.5
170,68917.5,0.0,0.0,0.0,0.0,20.0,381.5,False,44.0
552,67347.5,0.0,0.0,0.0,0.0,16.0,60.0,False,38.5
252,67297.5,0.0,0.0,0.0,0.0,16.0,164.5,False,38.5
398,66302.5,0.0,0.0,0.0,0.0,16.0,99.0,False,38.5
440,65105.0,0.0,0.0,0.0,0.0,30.0,123.5,False,66.0
425,64909.03973509934,0.0,0.0,0.0,0.0,30.0,34.5,False,66.0
414,64807.5,0.0,0.0,0.0,0.0,20.0,29.0,False,44.0
382,63992.5,0.0,0.0,0.0,0.0,20.0,68.0,False,44.0
207,63735.0,0.0,0.0,0.0,0.0,25.0,116.5,False,55.0
442,62840.0,0.0,0.0,0.0,0.0,21.0,61.0,False,49.5
580,62553.362310712284,0.0,0.0,0.0,0.0,30.0,112.0,False,66.0
444,62315.0,0.0,0.0,0.0,0.0,20.0,45.0,False,44.0
151,61432.5,0.0,0.0,0.0,0.0,16.0,139.5,False,38.5
570,60889.497725549656,0.0,0.0,0.0,0.0,30.0,79.0,False,66.0
150,60002.5,0.0,0.0,0.0,0.0,16.0,89.0,False,38.5
20,59927.5,0.0,0.0,0.0,0.0,25.0,73.0,False,55.0
550,58900.00000000001,0.0,0.0,0.0,0.0,15.0,113.0,False,33.0
474,58690.0,0.0,0.0,0.0,0.0,11.0,347.0,False,27.5
536,58465.0,0.0,0.0,0.0,0.0,20.0,22.5,False,60.5
528,58147.5,0.0,0.0,0.0,0.0,22.0,22.5,False,55.0
236,57615.0,0.0,0.0,0.0,0.0,15.0,42.5,False,33.0
98,57605.0,0.0,0.0,0.0,0.0,15.0,39.5,False,33.0
405,57365.0,0.0,0.0,0.0,0.0,16.0,80.0,False,38.5
479,56870.0,0.0,0.0,0.0,0.0,20.0,43.0,False,44.0
541,55970.0,0.0,0.0,0.0,0.0,16.0,23.0,False,38.5
400,55872.5,0.0,0.0,0.0,0.0,21.0,43.0,False,49.5
417,55375.0,0.0,0.0,0.0,0.0,36.0,50.5,False,82.5
45,55040.0,0.0,0.0,0.0,0.0,11.0,155.5,False,27.5
539,54702.5,0.0,0.0,0.0,0.0,20.0,37.0,False,44.0
184,54475.0,0.0,0.0,0.0,0.0,15.0,22.5,False,33.0
30,54325.0,0.0,0.0,0.0,0.0,15.0,22.5,False,33.0
546,54064.99999999999,0.0,0.0,0.0,0.0,20.0,22.5,False,44.0
204,52222.5,0.0,0.0,0.0,0.0,20.0,35.0,False,44.0
565,51505.0,0.0,0.0,0.0,0.0,15.0,37.5,False,33.0
298,51222.5,0.0,0.0,0.0,0.0,16.0,190.5,False,38.5
40,51120.0,0.0,0.0,0.0,0.0,16.0,185.5,False,38.5
376,51080.0,0.0,0.0,0.0,0.0,21.0,52.5,False,49.5
199,50892.5,0.0,0.0,0.0,0.0,16.0,306.5,False,38.5
418,50610.0,0.0,0.0,0.0,0.0,21.0,225.0,False,49.5
25,49257.5,0.0,0.0,0.0,0.0,20.0,40.5,False,44.0
524,48440.0,0.0,0.0,0.0,0.0,20.0,32.5,False,44.0
42,48295.0,0.0,0.0,0.0,0.0,11.0,67.0,False,27.5
372,48140.0,0.0,0.0,0.0,0.0,20.0,224.5,False,44.0
3,47852.5,0.0,0.0,0.0,0.0,11.0,22.5,False,27.5
255,47297.5,0.0,0.0,0.0,0.0,11.0,22.5,False,27.5
327,46967.5,0.0,0.0,0.0,0.0,25.0,53.0,False,55.0
276,46495.0,0.0,0.0,0.0,0.0,11.0,176.0,False,27.5
284,45640.0,0.0,0.0,0.0,0.0,20.0,68.0,False,44.0
519,45280.0,0.0,0.0,0.0,0.0,15.0,25.5,False,33.0
537,44670.0,0.0,0.0,0.0,0.0,15.0,102.5,False,33.0
131,44662.5,0.0,0.0,0.0,0.0,20.0,22.5,False,44.0
1,44497.5,0.0,0.0,0.0,0.0,30.0,93.5,False,66.0
77,44382.5,0.0,0.0,0.0,0.0,25.0,57.5,False,55.0
218,43560.0,0.0,0.0,0.0,0.0,20.0,91.0,False,44.0
464,43372.5,0.0,0.0,0.0,0.0,15.0,79.5,False,33.0
201,43127.5,0.0,0.0,0.0,0.0,15.0,22.5,False,33.0
339,43027.5,0.0,0.0,0.0,0.0,21.0,168.5,False,49.5
223,42897.5,0.0,0.0,0.0,0.0,20.0,43.0,False,44.0
304,42801.362107106645,0.0,0.0,0.0,0.0,15.0,23.0,False,33.0
258,41969.65086932137,0.0,0.0,0.0,0.0,20.0,22.5,False,44.0
563,41900.0,0.0,0.0,0.0,0.0,171.0,197.0,False,74.5
282,41635.0,0.0,0.0,0.0,0.0,20.0,35.5,False,44.0
542,40435.0,0.0,0.0,0.0,0.0,15.0,22.5,False,33.0
140,39800.0,0.0,0.0,0.0,0.0,26.0,41.5,False,60.5
436,39095.0,0.0,0.0,0.0,0.0,20.0,49.5,False,44.0
242,38002.5,0.0,0.0,0.0,0.0,16.0,51.5,False,38.5
575,37905.0,0.0,0.0,0.0,0.0,25.0,28.0,False,55.0
406,37705.0,0.0,0.0,0.0,0.0,21.0,55.5,False,49.5
522,37195.0,0.0,0.0,0.0,0.0,15.0,22.5,False,33.0
82,36200.0,0.0,0.0,0.0,0.0,11.0,22.5,False,27.5
473,35385.0,0.0,0.0,0.0,0.0,16.0,22.5,False,38.5
58,33985.0,0.0,0.0,0.0,0.0,20.0,67.5,False,44.0
416,33882.5,0.0,0.0,0.0,0.0,20.0,54.5,False,44.0
358,33547.5,0.0,0.0,0.0,0.0,16.0,22.5,False,38.5
485,33472.5,0.0,0.0,0.0,0.0,11.0,132.5,False,27.5
129,33351.42987162292,0.0,0.0,0.0,0.0,11.0,22.5,False,27.5
497,32730.0,0.0,0.0,0.0,0.0,10.0,210.0,False,22.0
303,32699.999999999996,0.0,0.0,0.0,0.0,16.0,30.5,False,38.5
116,32540.0,0.0,0.0,0.0,0.0,21.0,317.5,False,49.5
243,32355.0,0.0,0.0,0.0,0.0,25.0,75.0,False,55.0
235,31565.0,0.0,0.0,0.0,0.0,11.0,22.5,False,27.5
558,30580.0,0.0,0.0,0.0,0.0,16.0,22.5,False,38.5
343,30020.0,0.0,0.0,0.0,0.0,11.0,34.0,False,27.5
560,29917.5,0.0,0.0,0.0,0.0,15.0,38.0,False,33.0
471,29620.0,0.0,0.0,0.0,0.0,15.0,123.5,False,33.0
531,29497.5,0.0,0.0,0.0,0.0,16.0,22.5,False,38.5
61,29415.0,0.0,0.0,0.0,0.0,10.0,26.0,False,22.0
256,29202.5,0.0,0.0,0.0,0.0,20.0,22.5,False,44.0
493,29095.0,0.0,0.0,0.0,0.0,16.0,62.5,False,38.5
27,28695.0,0.0,0.0,0.0,0.0,20.0,22.5,False,44.0
67,28600.0,0.0,0.0,0.0,0.0,15.0,46.5,False,33.0
543,27845.0,0.0,0.0,0.0,0.0,11.0,22.5,False,27.5
456,27295.0,0.0,0.0,0.0,0.0,15.0,24.0,False,33.0
251,26867.5,0.0,0.0,0.0,0.0,11.0,112.5,False,27.5
447,26530.0,0.0,0.0,0.0,0.0,16.0,93.0,False,38.5
37,26462.500000000004,0.0,0.0,0.0,0.0,10.0,22.5,False,22.0
277,25697.5,0.0,0.0,0.0,0.0,20.0,39.0,False,44.0
15,25437.499999999996,0.0,0.0,0.0,0.0,11.0,22.5,False,27.5
6,25300.0,0.0,0.0,0.0,0.0,15.0,28.5,False,33.0
64,25185.0,0.0,0.0,0.0,0.0,16.0,22.5,False,38.5
438,25100.0,0.0,0.0,0.0,0.0,15.0,68.0,False,33.0
310,25097.5,0.0,0.0,0.0,0.0,15.0,335.5,False,33.0
466,25095.0,0.0,0.0,0.0,0.0,11.0,70.5,False,27.5
239,25090.0,0.0,0.0,0.0,0.0,11.0,182.5,False,27.5
52,25027.5,0.0,0.0,0.0,0.0,16.0,38.0,False,38.5
507,24928.963165707926,0.0,0.0,0.0,0.0,16.0,282.0,False,38.5
518,24215.0,0.0,0.0,0.0,0.0,11.0,112.0,False,27.5
454,24060.0,0.0,0.0,0.0,0.0,10.0,22.5,False,22.0
97,23702.5,0.0,0.0,0.0,0.0,15.0,35.0,False,33.0
481,22992.5,0.0,0.0,0.0,0.0,15.0,238.0,False,33.0
431,22742.5,0.0,0.0,0.0,0.0,16.0,68.0,False,38.5
309,22245.0,0.0,0.0,0.0,0.0,11.0,108.5,False,27.5
146,21972.5,0.0,0.0,0.0,0.0,11.0,26.0,False,27.5
21,21487.499999999996,0.0,0.0,0.0,0.0,10.0,78.0,False,22.0
490,21290.0,0.0,0.0,0.0,0.0,11.0,22.5,False,27.5
334,20997.5,0.0,0.0,0.0,0.0,10.0,80.0,False,22.0
105,20515.0,0.0,0.0,0.0,0.0,15.0,22.5,False,33.0
354,19882.5,0.0,0.0,0.0,0.0,11.0,28.5,False,27.5
476,19877.5,0.0,0.0,0.0,0.0,16.0,80.0,False,38.5
60,19510.0,0.0,0.0,0.0,0.0,10.0,114.0,False,22.0
482,19480.0,0.0,0.0,0.0,0.0,15.0,41.0,False,33.0
385,19477.5,0.0,0.0,0.0,0.0,11.0,22.5,False,27.5
308,19225.0,0.0,0.0,0.0,0.0,11.0,23.5,False,27.5
31,18985.0,0.0,0.0,0.0,0.0,6.0,28.5,False,16.5
62,18510.0,0.0,0.0,0.0,0.0,15.0,22.5,False,33.0
410,18252.5,0.0,0.0,0.0,0.0,16.0,25.0,False,38.5
551,17377.5,0.0,0.0,0.0,0.0,15.0,39.5,False,33.0
173,17130.0,0.0,0.0,0.0,0.0,10.0,28.0,False,22.0
514,16760.0,0.0,0.0,0.0,0.0,11.0,91.5,False,27.5
169,16742.5,0.0,0.0,0.0,0.0,11.0,136.0,False,27.5
19,16170.0,0.0,0.0,0.0,0.0,6.0,296.5,False,16.5
13,15870.0,0.0,0.0,0.0,0.0,6.0,22.5,False,16.5
407,15585.0,0.0,0.0,0.0,0.0,10.0,36.5,False,22.0
325,15535.0,0.0,0.0,0.0,0.0,46.0,157.5,False,104.5
335,15440.000000000002,0.0,0.0,0.0,0.0,16.0,309.5,False,38.5
11,15420.0,0.0,0.0,0.0,0.0,15.0,113.0,False,33.0
23,15350.0,0.0,0.0,0.0,0.0,15.0,22.5,False,33.0
534,14995.0,0.0,0.0,0.0,0.0,11.0,103.0,False,27.5
180,14700.0,0.0,0.0,0.0,0.0,10.0,22.5,False,22.0
509,14155.0,0.0,0.0,0.0,0.0,15.0,164.0,False,33.0
582,13960.0,0.0,0.0,0.0,0.0,10.0,34.0,False,22.0
556,13805.0,0.0,0.0,0.0,0.0,10.0,55.5,False,22.0
158,13750.0,0.0,0.0,0.0,0.0,6.0,112.0,False,16.5
457,13225.0,0.0,0.0,0.0,0.0,10.0,22.5,False,22.0
2,12650.0,0.0,0.0,0.0,0.0,6.0,88.0,False,16.5
465,12645.0,0.0,0.0,0.0,0.0,11.0,200.5,False,27.5
390,12590.0,0.0,0.0,0.0,0.0,10.0,22.5,False,22.0
263,12420.0,0.0,0.0,0.0,0.0,15.0,121.5,False,33.0
5,11907.5,0.0,0.0,0.0,0.0,15.0,22.5,False,33.0
554,11437.5,0.0,0.0,0.0,0.0,10.0,22.5,False,22.0
265,11164.999999999998,0.0,0.0,0.0,0.0,10.0,136.5,False,22.0
332,10912.5,0.0,0.0,0.0,0.0,5.0,63.5,False,11.0
16,10882.5,0.0,0.0,0.0,0.0,10.0,22.5,False,22.0
452,10242.5,0.0,0.0,0.0,0.0,15.0,35.0,False,33.0
34,10120.0,0.0,0.0,0.0,0.0,10.0,22.5,False,22.0
202,9964.999999999998,0.0,0.0,0.0,0.0,6.0,22.5,False,16.5
128,9767.5,0.0,0.0,0.0,0.0,11.0,22.5,False,27.5
302,9660.0,0.0,0.0,0.0,0.0,15.0,137.5,False,33.0
83,9407.5,0.0,0.0,0.0,0.0,15.0,55.5,False,33.0
502,9372.5,0.0,0.0,0.0,0.0,6.0,22.5,False,16.5
413,9315.0,0.0,0.0,0.0,0.0,10.0,120.0,False,22.0
422,9162.5,0.0,0.0,0.0,0.0,6.0,253.5,False,16.5
489,9070.0,0.0,0.0,0.0,0.0,10.0,22.5,False,22.0
333,8970.0,0.0,0.0,0.0,0.0,10.0,32.5,False,22.0
583,8280.0,0.0,0.0,0.0,0.0,10.0,36.5,False,22.0
368,7962.5,0.0,0.0,0.0,0.0,6.0,295.0,False,16.5
130,7480.000000000001,0.0,0.0,0.0,0.0,21.0,22.5,False,49.5
427,7340.0,0.0,0.0,0.0,0.0,6.0,107.0,False,16.5
101,7317.5,0.0,0.0,0.0,0.0,11.0,45.0,False,27.5
240,7255.000000000001,0.0,0.0,0.0,0.0,10.0,292.5,False,22.0
429,7130.0,0.0,0.0,0.0,0.0,5.0,34.0,False,11.0
535,7130.0,0.0,0.0,0.0,0.0,6.0,22.5,False,16.5
311,7024.999999999999,0.0,0.0,0.0,0.0,10.0,368.5,False,22.0
232,6900.000000000001,0.0,0.0,0.0,0.0,11.0,26.5,False,27.5
526,6892.5,0.0,0.0,0.0,0.0,6.0,22.5,False,16.5
222,6810.0,0.0,0.0,0.0,0.0,6.0,378.5,False,16.5
103,6617.5,0.0,0.0,0.0,0.0,15.0,22.5,False,33.0
78,6605.0,0.0,0.0,0.0,0.0,5.0,46.0,False,11.0
545,6385.0,0.0,0.0,0.0,0.0,11.0,37.5,False,27.5
181,6299.999999999999,0.0,0.0,0.0,0.0,11.0,22.5,False,27.5
132,6160.0,0.0,0.0,0.0,0.0,6.0,53.0,False,16.5
527,5687.5,0.0,0.0,0.0,0.0,15.0,23.5,False,33.0
573,5625.0,0.0,0.0,0.0,0.0,10.0,22.5,False,22.0
106,5505.0,0.0,0.0,0.0,0.0,6.0,22.5,False,16.5
10,5500.0,0.0,0.0,0.0,0.0,170.0,359.0,False,69.0
433,5400.0,0.0,0.0,0.0,0.0,6.0,48.0,False,16.5
285,5045.0,0.0,0.0,0.0,0.0,6.0,188.0,False,16.5
455,4957.5,0.0,0.0,0.0,0.0,10.0,208.5,False,22.0
508,4830.0,0.0,0.0,0.0,0.0,6.0,22.5,False,16.5
194,4600.0,0.0,0.0,0.0,0.0,5.0,22.5,False,11.0
513,4352.5,0.0,0.0,0.0,0.0,10.0,87.0,False,22.0
259,4310.0,0.0,0.0,0.0,0.0,6.0,83.5,False,16.5
437,4085.0,0.0,0.0,0.0,0.0,10.0,22.5,False,22.0
503,4079.9999999999995,0.0,0.0,0.0,0.0,6.0,22.5,False,16.5
494,4060.0,0.0,0.0,0.0,0.0,6.0,27.5,False,16.5
220,3907.5000000000005,0.0,0.0,0.0,0.0,6.0,103.0,False,16.5
29,3599.9999999999995,0.0,0.0,0.0,0.0,11.0,22.5,False,27.5
79,3450.0,0.0,0.0,0.0,0.0,11.0,29.0,False,27.5
585,3189.9999999999995,0.0,0.0,0.0,0.0,25.0,130.5,False,55.0
492,2730.0,0.0,0.0,0.0,0.0,5.0,22.5,False,11.0
520,2297.5,0.0,0.0,0.0,0.0,5.0,22.5,False,11.0
55,2287.5,0.0,0.0,0.0,0.0,6.0,156.5,False,16.5
459,2257.5,0.0,0.0,0.0,0.0,6.0,78.5,False,16.5
495,2250.0000000000005,0.0,0.0,0.0,0.0,6.0,35.5,False,16.5
439,2250.0,0.0,0.0,0.0,0.0,10.0,22.5,False,22.0
262,2055.0,0.0,0.0,0.0,0.0,5.0,22.5,False,11.0
216,1840.0,0.0,0.0,0.0,0.0,6.0,22.5,False,16.5
572,1799.9999999999998,0.0,0.0,0.0,0.0,5.0,40.0,False,11.0
329,1610.0,0.0,0.0,0.0,0.0,5.0,22.5,False,11.0
576,1150.0,0.0,0.0,0.0,0.0,5.0,36.5,False,11.0
203,1137.5,0.0,0.0,0.0,0.0,5.0,22.5,False,11.0
393,1137.5,0.0,0.0,0.0,0.0,5.0,224.5,False,11.0
18,919.9999999999999,0.0,0.0,0.0,0.0,10.0,43.0,False,22.0
145,919.9999999999998,0.0,0.0,0.0,0.0,5.0,86.0,False,11.0
51,900.0,0.0,0.0,0.0,0.0,5.0,22.5,False,11.0
559,690.0,0.0,0.0,0.0,0.0,1.0,22.5,False,5.5
547,682.5,0.0,0.0,0.0,0.0,1.0,22.5,False,5.5
167,460.0,0.0,0.0,0.0,0.0,1.0,41.5,False,5.5
532,459.99999999999994,0.0,0.0,0.0,0.0,1.0,55.5,False,5.5
359,230.0,0.0,0.0,0.0,0.0,1.0,122.5,False,5.5
467,227.5,0.0,0.0,0.0,0.0,1.0,23.0,False,5.5
0,0.0,0.0,0.0,0.0,0.0,20.0,120.5,False,44.0
4,0.0,0.0,0.0,0.0,0.0,0.0,22.5,False,0.0
7,0.0,0.0,0.0,0.0,0.0,15.0,172.5,False,33.0
8,0.0,0.0,0.0,0.0,0.0,0.0,30.5,False,0.0
9,0.0,0.0,0.0,0.0,0.0,0.0,219.5,False,0.0
14,0.0,0.0,0.0,0.0,0.0,0.0,22.5,False,0.0
17,0.0,0.0,0.0,0.0,0.0,10.0,32.0,False,22.0
22,0.0,0.0,0.0,0.0,0.0,0.0,22.5,False,0.0
24,0.0,0.0,0.0,0.0,0.0,0.0,31.5,False,0.0
32,0.0,0.0,0.0,0.0,0.0,0.0,22.5,False,0.0
33,0.0,0.0,0.0,0.0,0.0,0.0,22.5,False,0.0
35,0.0,0.0,0.0,0.0,0.0,0.0,22.5,False,0.0
41,0.0,0.0,0.0,0.0,0.0,0.0,22.5,False,0.0
44,0.0,0.0,0.0,0.0,0.0,0.0,22.5,False,0.0
47,0.0,0.0,0.0,0.0,0.0,0.0,24.5,False,0.0
48,0.0,0.0,0.0,0.0,0.0,0.0,22.5,False,0.0
49,0.0,0.0,0.0,0.0,0.0,0.0,22.5,False,0.0
50,0.0,0.0,0.0,0.0,0.0,0.0,22.5,False,0.0
63,0.0,0.0,0.0,0.0,0.0,0.0,22.5,False,0.0
65,0.0,0.0,0.0,0.0,0.0,0.0,22.5,False,0.0
66,0.0,0.0,0.0,0.0,0.0,0.0,22.5,False,0.0
73,0.0,0.0,0.0,0.0,0.0,0.0,146.5,False,0.0
81,0.0,0.0,0.0,0.0,0.0,6.0,22.5,False,16.5
102,0.0,0.0,0.0,0.0,0.0,0.0,22.5,False,0.0
104,0.0,0.0,0.0,0.0,0.0,0.0,22.5,False,0.0
121,0.0,0.0,0.0,0.0,0.0,0.0,25.0,False,0.0
122,0.0,0.0,0.0,0.0,0.0,0.0,28.0,False,0.0
147,0.0,0.0,0.0,0.0,0.0,0.0,63.5,False,0.0
163,0.0,0.0,0.0,0.0,0.0,0.0,28.0,False,0.0
168,0.0,0.0,0.0,0.0,0.0,0.0,22.5,False,0.0
185,0.0,0.0,0.0,0.0,0.0,0.0,22.5,False,0.0
186,0.0,0.0,0.0,0.0,0.0,0.0,26.0,False,0.0
217,0.0,0.0,0.0,0.0,0.0,0.0,22.5,False,0.0
219,0.0,0.0,0.0,0.0,0.0,0.0,22.5,False,0.0
221,0.0,0.0,0.0,0.0,0.0,0.0,22.5,False,0.0
237,0.0,0.0,0.0,0.0,0.0,0.0,28.5,False,0.0
264,0.0,0.0,0.0,0.0,0.0,0.0,166.5,False,0.0
301,0.0,0.0,0.0,0.0,0.0,0.0,62.0,False,0.0
326,0.0,0.0,0.0,0.0,0.0,1.0,26.0,False,5.5
330,0.0,0.0,0.0,0.0,0.0,0.0,76.0,False,0.0
383,0.0,0.0,0.0,0.0,0.0,26.0,56.5,False,60.5
384,0.0,0.0,0.0,0.0,0.0,0.0,170.0,False,0.0
396,0.0,0.0,0.0,0.0,0.0,0.0,44.5,False,0.0
435,0.0,0.0,0.0,0.0,0.0,0.0,22.5,False,0.0
453,0.0,0.0,0.0,0.0,0.0,0.0,22.5,False,0.0
472,0.0,0.0,0.0,0.0,0.0,0.0,22.5,False,0.0
477,0.0,0.0,0.0,0.0,0.0,0.0,23.5,False,0.0
478,0.0,0.0,0.0,0.0,0.0,0.0,22.5,False,0.0
487,0.0,0.0,0.0,0.0,0.0,0.0,37.5,False,0.0
488,0.0,0.0,0.0,0.0,0.0,0.0,23.0,False,0.0
491,0.0,0.0,0.0,0.0,0.0,0.0,23.5,False,0.0
496,0.0,0.0,0.0,0.0,0.0,0.0,22.5,False,0.0
504,0.0,0.0,0.0,0.0,0.0,0.0,22.5,False,0.0
510,0.0,0.0,0.0,0.0,0.0,0.0,22.5,False,0.0
511,0.0,0.0,0.0,0.0,0.0,0.0,22.5,False,0.0
517,0.0,0.0,0.0,0.0,0.0,0.0,22.5,False,0.0
521,0.0,0.0,0.0,0.0,0.0,0.0,22.5,False,0.0
523,0.0,0.0,0.0,0.0,0.0,0.0,22.5,False,0.0
525,0.0,0.0,0.0,0.0,0.0,0.0,22.5,False,0.0
529,0.0,0.0,0.0,0.0,0.0,0.0,22.5,False,0.0
538,0.0,0.0,0.0,0.0,0.0,0.0,37.0,False,0.0
544,0.0,0.0,0.0,0.0,0.0,0.0,26.5,False,0.0
561,0.0,0.0,0.0,0.0,0.0,0.0,22.5,False,0.0
562,0.0,0.0,0.0,0.0,0.0,0.0,22.5,False,0.0
564,0.0,0.0,0.0,0.0,0.0,0.0,46.0,False,0.0
581,0.0,0.0,0.0,0.0,0.0,0.0,22.5,False,0.0
