vehicle_id,pv_wp,pv_area_m2,pv_eff
1837771,400.0,2.0,0.2
1839970,400.0,2.0,0.2
1853429,400.0,2.0,0.2
1855455,400.0,2.0,0.2
1860478,400.0,2.0,0.2
1860690,400.0,2.0,0.2
1862527,400.0,2.0,0.2
1863333,400.0,2.0,0.2
1871098,400.0,2.0,0.2
1871251,400.0,2.0,0.2
1872483,400.0,2.0,0.2
1872541,400.0,2.0,0.2
1874540,400.0,2.0,0.2
1874733,400.0,2.0,0.2
1879340,400.0,2.0,0.2
1882672,400.0,2.0,0.2
1915403,400.0,2.0,0.2
1918595,400.0,2.0,0.2
1920973,400.0,2.0,0.2
1922147,400.0,2.0,0.2
1922309,400.0,2.0,0.2
1922348,400.0,2.0,0.2
1922570,400.0,2.0,0.2
1925774,400.0,2.0,0.2
1929172,400.0,2.0,0.2
1929966,400.0,2.0,0.2
1932498,400.0,2.0,0.2
1933444,400.0,2.0,0.2
1937617,400.0,2.0,0.2
1940658,400.0,2.0,0.2
1941262,400.0,2.0,0.2
1941383,400.0,2.0,0.2
1941613,400.0,2.0,0.2
1942554,400.0,2.0,0.2
1944135,400.0,2.0,0.2
1967726,400.0,2.0,0.2
1979424,400.0,2.0,0.2
1983393,400.0,2.0,0.2
1993849,400.0,2.0,0.2
1994334,400.0,2.0,0.2
1996902,400.0,2.0,0.2
1996915,400.0,2.0,0.2
1998675,400.0,2.0,0.2
1999384,400.0,2.0,0.2
2000357,400.0,2.0,0.2
2001491,400.0,2.0,0.2
2016078,400.0,2.0,0.2
2017852,400.0,2.0,0.2
2017886,400.0,2.0,0.2
2017999,400.0,2.0,0.2
2028906,400.0,2.0,0.2
2034780,400.0,2.0,0.2
2034807,400.0,2.0,0.2
2035109,400.0,2.0,0.2
2036419,400.0,2.0,0.2
2036649,400.0,2.0,0.2
2037906,400.0,2.0,0.2
2039683,400.0,2.0,0.2
2040284,400.0,2.0,0.2
2040623,400.0,2.0,0.2
2046765,400.0,2.0,0.2
2060298,400.0,2.0,0.2
2066612,400.0,2.0,0.2
2068157,400.0,2.0,0.2
2068775,400.0,2.0,0.2
2069949,400.0,2.0,0.2
2070001,400.0,2.0,0.2
2072865,400.0,2.0,0.2
2073899,400.0,2.0,0.2
2075149,400.0,2.0,0.2
2079722,400.0,2.0,0.2
2082164,400.0,2.0,0.2
2091164,400.0,2.0,0.2
2098664,400.0,2.0,0.2
2098770,400.0,2.0,0.2
2125084,400.0,2.0,0.2
2126857,400.0,2.0,0.2
2129836,400.0,2.0,0.2
2209722,400.0,2.0,0.2
2322365,400.0,2.0,0.2
2322508,400.0,2.0,0.2
2326654,400.0,2.0,0.2
2327190,400.0,2.0,0.2
2329756,400.0,2.0,0.2
2331122,400.0,2.0,0.2
2332266,400.0,2.0,0.2
3043495,400.0,2.0,0.2
3127661,400.0,2.0,0.2
3127989,400.0,2.0,0.2
3212158,400.0,2.0,0.2
3212352,400.0,2.0,0.2
3256128,400.0,2.0,0.2
3257507,400.0,2.0,0.2
4586727,400.0,2.0,0.2
4589680,400.0,2.0,0.2
4590191,400.0,2.0,0.2
4590475,400.0,2.0,0.2
4598048,400.0,2.0,0.2
4598777,400.0,2.0,0.2
4603835,400.0,2.0,0.2
4607273,400.0,2.0,0.2
4609799,400.0,2.0,0.2
4640945,400.0,2.0,0.2
4642323,400.0,2.0,0.2
4643903,400.0,2.0,0.2
4651380,400.0,2.0,0.2
4653553,400.0,2.0,0.2
4660625,400.0,2.0,0.2
4661436,400.0,2.0,0.2
4662490,400.0,2.0,0.2
4692517,400.0,2.0,0.2
4695710,400.0,2.0,0.2
4702543,400.0,2.0,0.2
4702711,400.0,2.0,0.2
4703626,400.0,2.0,0.2
4705212,400.0,2.0,0.2
4706112,400.0,2.0,0.2
4707915,400.0,2.0,0.2
4729201,400.0,2.0,0.2
4736893,400.0,2.0,0.2
4739904,400.0,2.0,0.2
4755940,400.0,2.0,0.2
4763438,400.0,2.0,0.2
4765318,400.0,2.0,0.2
4765734,400.0,2.0,0.2
4766656,400.0,2.0,0.2
4770647,400.0,2.0,0.2
4770792,400.0,2.0,0.2
4772272,400.0,2.0,0.2
4778095,400.0,2.0,0.2
4780137,400.0,2.0,0.2
4782568,400.0,2.0,0.2
4785616,400.0,2.0,0.2
4785966,400.0,2.0,0.2
4803742,400.0,2.0,0.2
4804303,400.0,2.0,0.2
4857361,400.0,2.0,0.2
4923712,400.0,2.0,0.2
4926594,400.0,2.0,0.2
5464371,400.0,2.0,0.2
5591811,400.0,2.0,0.2
5880091,400.0,2.0,0.2
5895465,400.0,2.0,0.2
5897300,400.0,2.0,0.2
5898192,400.0,2.0,0.2
5900951,400.0,2.0,0.2
5903381,400.0,2.0,0.2
5911787,400.0,2.0,0.2
5934181,400.0,2.0,0.2
7294742,400.0,2.0,0.2
7295917,400.0,2.0,0.2
7297455,400.0,2.0,0.2
7297941,400.0,2.0,0.2
7301028,400.0,2.0,0.2
7308094,400.0,2.0,0.2
7309650,400.0,2.0,0.2
7320021,400.0,2.0,0.2
7324193,400.0,2.0,0.2
7326423,400.0,2.0,0.2
7326427,400.0,2.0,0.2
7353753,400.0,2.0,0.2
7361686,400.0,2.0,0.2
7368250,400.0,2.0,0.2
7369188,400.0,2.0,0.2
7373532,400.0,2.0,0.2
7374876,400.0,2.0,0.2
7375414,400.0,2.0,0.2
7377142,400.0,2.0,0.2
7378192,400.0,2.0,0.2
7379543,400.0,2.0,0.2
7380582,400.0,2.0,0.2
7405454,400.0,2.0,0.2
7408077,400.0,2.0,0.2
7412612,400.0,2.0,0.2
7413614,400.0,2.0,0.2
7413728,400.0,2.0,0.2
7416734,400.0,2.0,0.2
7418946,400.0,2.0,0.2
7424078,400.0,2.0,0.2
7425130,400.0,2.0,0.2
7428761,400.0,2.0,0.2
7448877,400.0,2.0,0.2
7451976,400.0,2.0,0.2
7458801,400.0,2.0,0.2
7462607,400.0,2.0,0.2
7464436,400.0,2.0,0.2
7468778,400.0,2.0,0.2
7482745,400.0,2.0,0.2
7487061,400.0,2.0,0.2
7488280,400.0,2.0,0.2
7488371,400.0,2.0,0.2
7490377,400.0,2.0,0.2
7490433,400.0,2.0,0.2
7490858,400.0,2.0,0.2
7491449,400.0,2.0,0.2
7491678,400.0,2.0,0.2
7492721,400.0,2.0,0.2
7494705,400.0,2.0,0.2
7495572,400.0,2.0,0.2
7503938,400.0,2.0,0.2
7514812,400.0,2.0,0.2
7514814,400.0,2.0,0.2
7514909,400.0,2.0,0.2
7515669,400.0,2.0,0.2
7518300,400.0,2.0,0.2
8253956,400.0,2.0,0.2
9396032,400.0,2.0,0.2
9396421,400.0,2.0,0.2
9404507,400.0,2.0,0.2
9406692,400.0,2.0,0.2
9407943,400.0,2.0,0.2
9413535,400.0,2.0,0.2
9423905,400.0,2.0,0.2
9441935,400.0,2.0,0.2
9443010,400.0,2.0,0.2
9456391,400.0,2.0,0.2
9460907,400.0,2.0,0.2
9474516,400.0,2.0,0.2
9493330,400.0,2.0,0.2
9513885,400.0,2.0,0.2
9518143,400.0,2.0,0.2
9533943,400.0,2.0,0.2
9539278,400.0,2.0,0.2
9545089,400.0,2.0,0.2
9546427,400.0,2.0,0.2
9554976,400.0,2.0,0.2
9557968,400.0,2.0,0.2
9563547,400.0,2.0,0.2
9564590,400.0,2.0,0.2
9611996,400.0,2.0,0.2
9664464,400.0,2.0,0.2
9664953,400.0,2.0,0.2
9667066,400.0,2.0,0.2
9669071,400.0,2.0,0.2
10097627,400.0,2.0,0.2
