HexID,AnnualPublicDemand_kWh,AnnualSlack_kWh,AnnualRedirectionOut_kWh,AnnualRedirectionIn_kWh,NetRedirectionIn_kWh,ChargerResourcesUsed,AvailableResources,ResourcesBinding,InstalledCapacity_kWh_slot
213,575486.0985695127,1.091951123644634,0.0,0.0,0.0,182.0,182.5,False,135.0
271,1997812.5,0.0,0.0,0.0,0.0,158.0,160.5,False,423.5
246,1362389.8669587518,0.0,0.0,0.0,0.0,120.0,186.0,False,264.0
248,1219997.5,0.0,0.0,0.0,0.0,243.0,245.0,False,289.0
227,1020486.8921011874,0.0,0.0,0.0,0.0,207.0,208.5,False,239.5
272,1005665.0,0.0,0.0,0.0,0.0,271.0,340.5,False,294.5
361,941887.5,0.0,0.0,0.0,0.0,351.0,385.0,False,470.5
156,830565.0797503467,0.0,0.0,0.0,0.0,365.0,365.5,False,193.0
225,817575.0,0.0,0.0,0.0,0.0,81.0,176.0,False,181.5
292,817440.0,0.0,0.0,0.0,0.0,250.0,353.0,False,245.0
294,810987.5,0.0,0.0,0.0,0.0,215.0,239.0,False,168.0
267,682873.0365723438,0.0,0.0,0.0,0.0,200.0,234.0,False,135.0
245,673032.5506947052,0.0,0.0,0.0,0.0,206.0,208.5,False,184.5
230,650602.5,0.0,0.0,0.0,0.0,215.0,280.5,False,168.0
160,630766.1990465246,0.0,0.0,0.0,0.0,356.0,380.0,False,176.5
211,622652.5,0.0,0.0,0.0,0.0,256.0,281.0,False,261.5
470,605121.8771603297,0.0,0.0,0.0,0.0,200.0,264.5,False,135.0
315,592157.5,0.0,0.0,0.0,0.0,201.0,244.0,False,140.5
291,587175.5130220026,0.0,0.0,0.0,0.0,65.0,107.5,False,143.0
445,578638.012575889,0.0,0.0,0.0,0.0,210.0,271.0,False,157.0
118,554801.6633713298,0.0,0.0,0.0,0.0,348.0,348.0,True,182.0
247,549629.189612015,0.0,0.0,0.0,0.0,71.0,161.5,False,159.5
468,548696.283260093,0.0,0.0,0.0,0.0,190.0,231.5,False,113.0
142,544847.5,0.0,0.0,0.0,0.0,205.0,299.0,False,146.0
321,533404.5111386139,0.0,0.0,0.0,0.0,195.0,240.5,False,124.0
577,518890.0,0.0,0.0,0.0,0.0,211.0,211.0,True,179.0
347,495137.5,0.0,0.0,0.0,0.0,185.0,187.5,False,168.0
135,475962.5,0.0,0.0,0.0,0.0,335.0,337.0,False,127.0
273,473930.0,0.0,0.0,0.0,0.0,343.0,344.0,False,154.5
249,463582.5,0.0,0.0,0.0,0.0,200.0,205.0,False,135.0
159,460567.5,0.0,0.0,0.0,0.0,185.0,275.5,False,102.0
293,456177.5,0.0,0.0,0.0,0.0,190.0,191.0,False,129.5
352,438060.6751125188,0.0,0.0,0.0,0.0,185.0,236.5,False,102.0
349,412912.5,0.0,0.0,0.0,0.0,50.0,112.0,False,110.0
299,411126.02415234764,0.0,0.0,0.0,0.0,46.0,112.5,False,104.5
362,407230.0,0.0,0.0,0.0,0.0,341.0,377.0,False,143.5
110,394760.0,0.0,0.0,0.0,0.0,326.0,328.0,False,110.5
324,388715.0,0.0,0.0,0.0,0.0,176.0,223.5,False,85.5
161,387820.0,0.0,0.0,0.0,0.0,36.0,145.0,False,82.5
287,383285.0,0.0,0.0,0.0,0.0,173.0,175.0,False,118.5
111,379422.5,0.0,0.0,0.0,0.0,176.0,272.5,False,85.5
549,379137.5,0.0,0.0,0.0,0.0,191.0,299.0,False,118.5
312,379047.5,0.0,0.0,0.0,0.0,181.0,221.0,False,96.5
419,371500.0,0.0,0.0,0.0,0.0,166.0,168.5,False,113.0
229,367367.5,0.0,0.0,0.0,0.0,196.0,293.5,False,129.5
316,360282.5,0.0,0.0,0.0,0.0,330.0,385.0,False,116.0
75,357400.0,0.0,0.0,0.0,0.0,80.0,89.5,False,176.0
175,352165.0,0.0,0.0,0.0,0.0,316.0,385.0,False,88.5
228,349807.5,0.0,0.0,0.0,0.0,50.0,121.5,False,110.0
76,349000.0,0.0,0.0,0.0,0.0,55.0,108.5,False,121.0
268,346155.0,0.0,0.0,0.0,0.0,216.0,265.5,False,173.5
215,345240.0,0.0,0.0,0.0,0.0,70.0,105.0,False,154.0
370,341937.5,0.0,0.0,0.0,0.0,185.0,221.0,False,102.0
388,337642.5,0.0,0.0,0.0,0.0,185.0,288.0,False,102.0
113,336052.5,0.0,0.0,0.0,0.0,326.0,384.0,False,110.5
340,335940.0,0.0,0.0,0.0,0.0,190.0,297.5,False,113.0
93,331082.86913192057,0.0,0.0,0.0,0.0,190.0,297.0,False,113.0
314,330077.5,0.0,0.0,0.0,0.0,336.0,367.0,False,132.5
178,328927.5,0.0,0.0,0.0,0.0,180.0,261.5,False,91.0
381,327430.0,0.0,0.0,0.0,0.0,36.0,58.5,False,82.5
214,323570.0,0.0,0.0,0.0,0.0,336.0,351.5,False,132.5
386,316677.5,0.0,0.0,0.0,0.0,220.0,297.0,False,179.0
274,316610.0,0.0,0.0,0.0,0.0,41.0,54.0,False,93.5
191,316312.5,0.0,0.0,0.0,0.0,181.0,195.5,False,96.5
500,314802.5,0.0,0.0,0.0,0.0,190.0,212.0,False,113.0
197,314735.0107881711,0.0,0.0,0.0,0.0,316.0,336.0,False,88.5
322,312990.0,0.0,0.0,0.0,0.0,166.0,166.0,True,96.5
586,312902.9715090197,0.0,0.0,0.0,0.0,210.0,260.0,False,157.0
86,307217.3409269442,0.0,0.0,0.0,0.0,40.0,123.0,False,88.0
94,305495.0,0.0,0.0,0.0,0.0,341.0,349.5,False,143.5
212,304352.52100840333,0.0,0.0,0.0,0.0,170.0,239.5,False,69.0
320,303866.4546112989,0.0,0.0,0.0,0.0,168.0,168.0,True,91.0
424,302679.1525075363,0.0,0.0,0.0,0.0,31.0,132.5,False,71.5
171,302080.0,0.0,0.0,0.0,0.0,41.0,156.0,False,93.5
269,298350.0,0.0,0.0,0.0,0.0,180.0,248.0,False,91.0
100,297031.9305937038,0.0,0.0,0.0,0.0,41.0,52.5,False,93.5
499,293679.1382626349,0.0,0.0,0.0,0.0,45.0,152.0,False,99.0
365,290947.5,0.0,0.0,0.0,0.0,180.0,226.5,False,91.0
345,288492.5,0.0,0.0,0.0,0.0,316.0,345.0,False,88.5
288,288340.0,0.0,0.0,0.0,0.0,41.0,152.0,False,93.5
125,288117.5,0.0,0.0,0.0,0.0,172.0,173.5,False,113.0
261,287722.5,0.0,0.0,0.0,0.0,186.0,248.0,False,107.5
89,279940.0,0.0,0.0,0.0,0.0,176.0,305.0,False,85.5
56,275990.0,0.0,0.0,0.0,0.0,176.0,310.0,False,85.5
377,272387.5,0.0,0.0,0.0,0.0,325.0,351.0,False,105.0
134,271457.5,0.0,0.0,0.0,0.0,185.0,314.0,False,102.0
148,267000.0,0.0,0.0,0.0,0.0,164.0,164.5,False,102.0
367,265242.5,0.0,0.0,0.0,0.0,50.0,107.0,False,110.0
114,262295.0,0.0,0.0,0.0,0.0,185.0,385.5,False,102.0
421,260527.5,0.0,0.0,0.0,0.0,181.0,283.5,False,96.5
460,259955.14401772525,0.0,0.0,0.0,0.0,181.0,244.5,False,96.5
360,254235.0,0.0,0.0,0.0,0.0,196.0,207.5,False,129.5
323,253325.0,0.0,0.0,0.0,0.0,190.0,346.0,False,113.0
355,252980.47146401985,0.0,0.0,0.0,0.0,36.0,132.0,False,82.5
289,251097.5,0.0,0.0,0.0,0.0,311.0,385.0,False,77.5
192,250455.0,0.0,0.0,0.0,0.0,186.0,248.5,False,107.5
138,250277.5,0.0,0.0,0.0,0.0,50.0,148.0,False,110.0
401,249962.5,0.0,0.0,0.0,0.0,46.0,95.0,False,104.5
331,249561.863007836,0.0,0.0,0.0,0.0,36.0,133.5,False,82.5
568,248677.5,0.0,0.0,0.0,0.0,40.0,152.0,False,88.0
458,246007.5,0.0,0.0,0.0,0.0,190.0,385.5,False,113.0
515,245277.57498226772,0.0,0.0,0.0,0.0,171.0,217.5,False,74.5
196,242207.5,0.0,0.0,0.0,0.0,175.0,215.5,False,80.0
461,238610.0,0.0,0.0,0.0,0.0,35.0,91.0,False,77.0
88,237762.37889674355,0.0,0.0,0.0,0.0,176.0,312.5,False,85.5
126,233945.0,0.0,0.0,0.0,0.0,182.0,184.0,False,118.5
441,233786.97158524426,0.0,0.0,0.0,0.0,180.0,310.5,False,91.0
486,233632.5,0.0,0.0,0.0,0.0,40.0,133.5,False,88.0
149,233188.16669002242,0.0,0.0,0.0,0.0,191.0,296.5,False,118.5
402,232145.0,0.0,0.0,0.0,0.0,175.0,244.0,False,80.0
143,231652.5,0.0,0.0,0.0,0.0,171.0,314.0,False,74.5
469,229575.0,0.0,0.0,0.0,0.0,171.0,191.0,False,74.5
338,228485.0,0.0,0.0,0.0,0.0,24.0,25.0,False,99.0
378,227487.5,0.0,0.0,0.0,0.0,55.0,90.0,False,121.0
209,226980.0,0.0,0.0,0.0,0.0,50.0,57.5,False,110.0
290,225437.5,0.0,0.0,0.0,0.0,191.0,385.5,False,118.5
115,223960.0,0.0,0.0,0.0,0.0,181.0,275.5,False,96.5
318,223702.5,0.0,0.0,0.0,0.0,50.0,122.5,False,110.0
231,223137.5,0.0,0.0,0.0,0.0,41.0,50.0,False,93.5
85,222325.46940280168,0.0,0.0,0.0,0.0,175.0,301.0,False,80.0
254,221245.0,0.0,0.0,0.0,0.0,50.0,125.5,False,110.0
270,220387.5,0.0,0.0,0.0,0.0,190.0,217.5,False,113.0
139,219880.0,0.0,0.0,0.0,0.0,35.0,103.0,False,77.0
450,219585.0,0.0,0.0,0.0,0.0,36.0,152.5,False,82.5
423,219202.79700725514,0.0,0.0,0.0,0.0,36.0,144.0,False,82.5
403,219100.0,0.0,0.0,0.0,0.0,181.0,366.5,False,96.5
164,218594.896114386,0.0,0.0,0.0,0.0,180.0,290.5,False,91.0
193,218080.0,0.0,0.0,0.0,0.0,35.0,143.0,False,77.0
375,217281.73374613005,0.0,0.0,0.0,0.0,35.0,135.0,False,77.0
569,217131.07197706564,0.0,0.0,0.0,0.0,220.0,271.5,False,179.0
566,210982.5,0.0,0.0,0.0,0.0,35.0,138.5,False,77.0
280,210247.5,0.0,0.0,0.0,0.0,171.0,199.5,False,74.5
286,210202.5,0.0,0.0,0.0,0.0,176.0,207.5,False,85.5
250,209497.5,0.0,0.0,0.0,0.0,46.0,51.0,False,104.5
152,207943.60187110186,0.0,0.0,0.0,0.0,30.0,100.0,False,66.0
141,204900.0,0.0,0.0,0.0,0.0,165.0,362.5,False,58.0
399,204900.0,0.0,0.0,0.0,0.0,36.0,68.5,False,82.5
578,204865.0,0.0,0.0,0.0,0.0,168.0,168.0,True,91.0
297,204115.0,0.0,0.0,0.0,0.0,40.0,98.5,False,88.0
43,201282.5,0.0,0.0,0.0,0.0,29.0,29.5,False,77.0
295,200912.5,0.0,0.0,0.0,0.0,31.0,144.5,False,71.5
448,200757.5,0.0,0.0,0.0,0.0,176.0,223.5,False,85.5
244,200515.0,0.0,0.0,0.0,0.0,171.0,234.5,False,74.5
117,196825.0,0.0,0.0,0.0,0.0,171.0,377.5,False,74.5
356,196385.0,0.0,0.0,0.0,0.0,161.0,161.0,True,85.5
342,194870.0,0.0,0.0,0.0,0.0,195.0,228.0,False,124.0
451,194472.5,0.0,0.0,0.0,0.0,171.0,184.5,False,74.5
373,192710.0,0.0,0.0,0.0,0.0,21.0,70.0,False,49.5
341,191547.5,0.0,0.0,0.0,0.0,161.0,188.5,False,52.5
95,188430.0,0.0,0.0,0.0,0.0,50.0,111.0,False,110.0
174,187107.5,0.0,0.0,0.0,0.0,181.0,203.5,False,96.5
395,182842.5,0.0,0.0,0.0,0.0,35.0,129.0,False,77.0
394,182732.5,0.0,0.0,0.0,0.0,170.0,277.0,False,69.0
319,182587.5,0.0,0.0,0.0,0.0,161.0,161.5,False,69.0
233,181637.5,0.0,0.0,0.0,0.0,22.0,22.5,False,55.0
226,180530.0,0.0,0.0,0.0,0.0,34.0,36.0,False,88.0
68,180407.5,0.0,0.0,0.0,0.0,25.0,107.0,False,55.0
112,179635.0,0.0,0.0,0.0,0.0,185.0,230.0,False,102.0
579,177770.0,0.0,0.0,0.0,0.0,30.0,48.5,False,66.0
584,173915.0,0.0,0.0,0.0,0.0,27.0,28.0,False,66.0
198,173470.0,0.0,0.0,0.0,0.0,41.0,140.5,False,93.5
53,173210.0,0.0,0.0,0.0,0.0,36.0,59.5,False,82.5
371,172795.0,0.0,0.0,0.0,0.0,165.0,243.0,False,58.0
462,172375.0,0.0,0.0,0.0,0.0,26.0,118.0,False,60.5
96,171717.5,0.0,0.0,0.0,0.0,26.0,91.0,False,60.5
72,171579.27800521028,0.0,0.0,0.0,0.0,171.0,257.0,False,74.5
420,170405.0,0.0,0.0,0.0,0.0,166.0,265.5,False,63.5
57,170320.9951144253,0.0,0.0,0.0,0.0,24.0,24.0,True,66.0
172,169950.0,0.0,0.0,0.0,0.0,45.0,58.0,False,99.0
430,169898.0571030641,0.0,0.0,0.0,0.0,31.0,73.5,False,71.5
353,167462.5,0.0,0.0,0.0,0.0,165.0,166.0,False,58.0
179,166615.0,0.0,0.0,0.0,0.0,55.0,89.0,False,121.0
208,165672.5,0.0,0.0,0.0,0.0,26.0,86.5,False,60.5
155,164880.9743057772,0.0,0.0,0.0,0.0,170.0,279.5,False,69.0
189,162345.0,0.0,0.0,0.0,0.0,166.0,185.0,False,63.5
374,161606.8734256927,0.0,0.0,0.0,0.0,157.0,159.5,False,63.5
108,161402.5,0.0,0.0,0.0,0.0,50.0,86.0,False,110.0
260,160792.5,0.0,0.0,0.0,0.0,165.0,243.0,False,58.0
548,158260.0,0.0,0.0,0.0,0.0,30.0,142.0,False,66.0
127,158202.5,0.0,0.0,0.0,0.0,41.0,70.0,False,93.5
348,157555.0,0.0,0.0,0.0,0.0,25.0,29.5,False,55.0
205,156605.0,0.0,0.0,0.0,0.0,25.0,52.5,False,55.0
446,156042.5,0.0,0.0,0.0,0.0,35.0,159.0,False,77.0
190,154865.0,0.0,0.0,0.0,0.0,25.0,55.0,False,55.0
153,153812.5,0.0,0.0,0.0,0.0,30.0,74.0,False,66.0
498,153582.5,0.0,0.0,0.0,0.0,190.0,274.5,False,113.0
133,151928.96993318485,0.0,0.0,0.0,0.0,31.0,147.5,False,71.5
463,151610.1546280277,0.0,0.0,0.0,0.0,30.0,52.5,False,66.0
253,151365.0,0.0,0.0,0.0,0.0,25.0,71.5,False,55.0
107,151095.0,0.0,0.0,0.0,0.0,170.0,384.5,False,69.0
154,151077.5,0.0,0.0,0.0,0.0,35.0,154.0,False,77.0
200,149222.5,0.0,0.0,0.0,0.0,26.0,54.5,False,60.5
224,148912.5,0.0,0.0,0.0,0.0,170.0,295.5,False,69.0
369,148685.0,0.0,0.0,0.0,0.0,31.0,119.5,False,71.5
408,148540.0,0.0,0.0,0.0,0.0,31.0,34.0,False,71.5
206,147880.0,0.0,0.0,0.0,0.0,175.0,191.5,False,80.0
187,146855.0,0.0,0.0,0.0,0.0,25.0,34.5,False,55.0
123,145235.0,0.0,0.0,0.0,0.0,27.0,27.5,False,82.5
46,144627.5,0.0,0.0,0.0,0.0,31.0,71.0,False,71.5
351,143954.69769217196,0.0,0.0,0.0,0.0,25.0,26.5,False,71.5
574,143365.49059525176,0.0,0.0,0.0,0.0,31.0,33.0,False,154.0
234,142616.82918315104,0.0,0.0,0.0,0.0,21.0,65.5,False,49.5
344,142210.0,0.0,0.0,0.0,0.0,180.0,358.0,False,91.0
119,142205.0,0.0,0.0,0.0,0.0,20.0,86.5,False,44.0
366,141867.5,0.0,0.0,0.0,0.0,166.0,266.5,False,63.5
300,141535.0,0.0,0.0,0.0,0.0,25.0,45.5,False,55.0
364,140408.18273458772,0.0,0.0,0.0,0.0,158.0,159.0,False,52.5
483,140202.5,0.0,0.0,0.0,0.0,166.0,347.0,False,63.5
91,139462.5,0.0,0.0,0.0,0.0,166.0,168.5,False,80.0
337,137465.0,0.0,0.0,0.0,0.0,161.0,271.5,False,52.5
392,136931.15226337448,0.0,0.0,0.0,0.0,26.0,44.5,False,60.5
296,134797.5,0.0,0.0,0.0,0.0,25.0,66.0,False,55.0
162,134319.17080885675,0.0,0.0,0.0,0.0,20.0,95.0,False,44.0
449,131557.5,0.0,0.0,0.0,0.0,36.0,147.5,False,82.5
567,130867.5,0.0,0.0,0.0,0.0,175.0,245.5,False,80.0
281,129827.5,0.0,0.0,0.0,0.0,26.0,134.0,False,60.5
278,129680.0,0.0,0.0,0.0,0.0,30.0,30.0,True,115.5
157,129640.0,0.0,0.0,0.0,0.0,175.0,385.0,False,80.0
397,127935.0,0.0,0.0,0.0,0.0,166.0,255.5,False,63.5
210,127442.5,0.0,0.0,0.0,0.0,31.0,138.0,False,71.5
144,126938.67536775311,0.0,0.0,0.0,0.0,165.0,185.0,False,58.0
389,123252.5,0.0,0.0,0.0,0.0,20.0,27.5,False,44.0
92,122245.0,0.0,0.0,0.0,0.0,166.0,252.0,False,63.5
443,120687.5,0.0,0.0,0.0,0.0,41.0,119.5,False,93.5
415,120540.0,0.0,0.0,0.0,0.0,22.0,22.5,False,104.5
74,119750.0,0.0,0.0,0.0,0.0,31.0,101.5,False,71.5
70,119677.5,0.0,0.0,0.0,0.0,25.0,27.5,False,55.0
409,118952.5,0.0,0.0,0.0,0.0,30.0,67.5,False,66.0
136,118252.5,0.0,0.0,0.0,0.0,161.0,350.5,False,52.5
238,117645.0,0.0,0.0,0.0,0.0,165.0,373.0,False,58.0
475,117402.5,0.0,0.0,0.0,0.0,20.0,31.5,False,44.0
426,117340.0,0.0,0.0,0.0,0.0,25.0,72.5,False,55.0
305,114221.17768595042,0.0,0.0,0.0,0.0,26.0,74.5,False,60.5
350,113295.0,0.0,0.0,0.0,0.0,25.0,59.0,False,55.0
506,112524.31642304386,0.0,0.0,0.0,0.0,21.0,22.5,False,66.0
188,112120.0,0.0,0.0,0.0,0.0,175.0,185.0,False,80.0
279,112100.0,0.0,0.0,0.0,0.0,26.0,69.5,False,60.5
71,112040.0,0.0,0.0,0.0,0.0,155.0,157.5,False,52.5
90,111700.0,0.0,0.0,0.0,0.0,171.0,190.0,False,74.5
317,111297.5,0.0,0.0,0.0,0.0,30.0,143.0,False,66.0
124,108515.0,0.0,0.0,0.0,0.0,20.0,22.5,False,44.0
411,108030.0,0.0,0.0,0.0,0.0,30.0,30.5,False,66.0
553,107025.0,0.0,0.0,0.0,0.0,165.0,309.0,False,58.0
28,106525.0,0.0,0.0,0.0,0.0,20.0,114.0,False,44.0
84,106205.0,0.0,0.0,0.0,0.0,21.0,78.0,False,49.5
120,103682.5,0.0,0.0,0.0,0.0,20.0,47.0,False,44.0
241,101155.0,0.0,0.0,0.0,0.0,161.0,350.0,False,52.5
380,100152.5,0.0,0.0,0.0,0.0,26.0,94.0,False,60.5
306,99372.5,0.0,0.0,0.0,0.0,165.0,208.5,False,58.0
540,98817.5,0.0,0.0,0.0,0.0,20.0,22.5,False,44.0
512,98525.0,0.0,0.0,0.0,0.0,20.0,65.5,False,44.0
165,97675.0,0.0,0.0,0.0,0.0,30.0,150.0,False,66.0
266,97651.09764089122,0.0,0.0,0.0,0.0,21.0,132.5,False,49.5
313,97162.5,0.0,0.0,0.0,0.0,166.0,209.5,False,63.5
570,95996.53285006424,0.0,0.0,0.0,0.0,31.0,79.0,False,71.5
516,95865.0,0.0,0.0,0.0,0.0,15.0,79.0,False,33.0
54,95072.5,0.0,0.0,0.0,0.0,21.0,71.0,False,49.5
275,94802.5,0.0,0.0,0.0,0.0,20.0,134.0,False,44.0
109,93772.5,0.0,0.0,0.0,0.0,20.0,135.0,False,44.0
571,93392.5,0.0,0.0,0.0,0.0,30.0,35.5,False,66.0
550,91497.5,0.0,0.0,0.0,0.0,21.0,113.0,False,49.5
307,89672.5,0.0,0.0,0.0,0.0,26.0,54.0,False,60.5
428,88452.5,0.0,0.0,0.0,0.0,20.0,22.5,False,60.5
480,88267.5,0.0,0.0,0.0,0.0,16.0,39.5,False,38.5
346,87862.5,0.0,0.0,0.0,0.0,160.0,337.0,False,47.0
38,87617.5,0.0,0.0,0.0,0.0,21.0,22.5,False,66.0
379,87225.0,0.0,0.0,0.0,0.0,31.0,44.5,False,71.5
80,85795.0,0.0,0.0,0.0,0.0,20.0,22.5,False,44.0
501,85195.0,0.0,0.0,0.0,0.0,40.0,115.0,False,88.0
257,84070.0,0.0,0.0,0.0,0.0,22.0,22.5,False,55.0
69,83707.5,0.0,0.0,0.0,0.0,152.0,152.0,True,36.0
39,83012.5,0.0,0.0,0.0,0.0,21.0,22.5,False,49.5
26,82298.44108308344,0.0,0.0,0.0,0.0,21.0,158.5,False,49.5
336,81452.5,0.0,0.0,0.0,0.0,156.0,346.0,False,41.5
177,81425.0,0.0,0.0,0.0,0.0,21.0,36.5,False,49.5
404,79672.5,0.0,0.0,0.0,0.0,156.0,174.5,False,41.5
195,79016.17662542775,0.0,0.0,0.0,0.0,155.0,155.0,True,36.0
557,78120.0,0.0,0.0,0.0,0.0,21.0,28.5,False,49.5
357,76942.5,0.0,0.0,0.0,0.0,11.0,22.5,False,27.5
59,76552.5,0.0,0.0,0.0,0.0,20.0,22.5,False,44.0
137,76317.5,0.0,0.0,0.0,0.0,30.0,318.5,False,66.0
442,76052.5,0.0,0.0,0.0,0.0,25.0,61.0,False,55.0
298,75915.0,0.0,0.0,0.0,0.0,155.0,190.5,False,36.0
45,75570.0,0.0,0.0,0.0,0.0,20.0,155.5,False,44.0
425,75045.0,0.0,0.0,0.0,0.0,25.0,34.5,False,55.0
283,74785.0,0.0,0.0,0.0,0.0,35.0,315.5,False,77.0
36,73628.00347771104,0.0,0.0,0.0,0.0,22.0,22.5,False,55.0
555,71770.74321673036,0.0,0.0,0.0,0.0,21.0,22.5,False,49.5
42,71757.5,0.0,0.0,0.0,0.0,20.0,67.0,False,44.0
328,71725.0,0.0,0.0,0.0,0.0,16.0,70.0,False,38.5
382,71182.5,0.0,0.0,0.0,0.0,15.0,68.0,False,33.0
87,70867.5,0.0,0.0,0.0,0.0,155.0,239.0,False,36.0
432,70305.0,0.0,0.0,0.0,0.0,20.0,22.5,False,44.0
339,68717.5,0.0,0.0,0.0,0.0,20.0,168.5,False,44.0
25,66865.0,0.0,0.0,0.0,0.0,20.0,40.5,False,44.0
414,66047.5,0.0,0.0,0.0,0.0,27.0,29.0,False,66.0
183,65582.5,0.0,0.0,0.0,0.0,16.0,247.0,False,38.5
530,65572.5,0.0,0.0,0.0,0.0,20.0,80.5,False,44.0
387,65157.5,0.0,0.0,0.0,0.0,15.0,124.0,False,33.0
391,64305.0,0.0,0.0,0.0,0.0,26.0,182.5,False,60.5
170,63982.5,0.0,0.0,0.0,0.0,16.0,381.5,False,38.5
184,63652.5,0.0,0.0,0.0,0.0,15.0,22.5,False,33.0
417,63317.5,0.0,0.0,0.0,0.0,30.0,50.5,False,66.0
363,63062.5,0.0,0.0,0.0,0.0,30.0,166.0,False,66.0
252,62385.0,0.0,0.0,0.0,0.0,20.0,164.5,False,44.0
533,61975.0,0.0,0.0,0.0,0.0,20.0,37.5,False,44.0
505,61830.0,0.0,0.0,0.0,0.0,21.0,26.0,False,49.5
484,60615.0,0.0,0.0,0.0,0.0,21.0,63.5,False,49.5
552,60230.0,0.0,0.0,0.0,0.0,21.0,60.0,False,49.5
151,59367.5,0.0,0.0,0.0,0.0,16.0,139.5,False,38.5
131,57765.0,0.0,0.0,0.0,0.0,16.0,22.5,False,38.5
182,57315.0,0.0,0.0,0.0,0.0,25.0,32.0,False,55.0
398,57027.5,0.0,0.0,0.0,0.0,16.0,99.0,False,38.5
12,56595.0,0.0,0.0,0.0,0.0,11.0,68.5,False,27.5
444,55780.0,0.0,0.0,0.0,0.0,16.0,45.0,False,38.5
327,55660.0,0.0,0.0,0.0,0.0,25.0,53.0,False,55.0
99,55387.5,0.0,0.0,0.0,0.0,10.0,137.0,False,22.0
412,55245.0,0.0,0.0,0.0,0.0,16.0,22.5,False,38.5
98,55220.0,0.0,0.0,0.0,0.0,15.0,39.5,False,33.0
440,54512.77167201778,0.0,0.0,0.0,0.0,21.0,123.5,False,49.5
519,53950.0,0.0,0.0,0.0,0.0,20.0,25.5,False,44.0
1,53657.5,0.0,0.0,0.0,0.0,36.0,93.5,False,82.5
580,53557.5,0.0,0.0,0.0,0.0,21.0,112.0,False,49.5
436,53145.0,0.0,0.0,0.0,0.0,11.0,49.5,False,27.5
376,52520.0,0.0,0.0,0.0,0.0,21.0,52.5,False,49.5
236,51737.5,0.0,0.0,0.0,0.0,16.0,42.5,False,38.5
405,51242.5,0.0,0.0,0.0,0.0,15.0,80.0,False,33.0
524,51145.0,0.0,0.0,0.0,0.0,11.0,32.5,False,27.5
304,51055.0,0.0,0.0,0.0,0.0,22.0,23.0,False,55.0
64,49987.5,0.0,0.0,0.0,0.0,11.0,22.5,False,27.5
150,49670.0,0.0,0.0,0.0,0.0,16.0,89.0,False,38.5
207,49020.0,0.0,0.0,0.0,0.0,15.0,116.5,False,33.0
528,48070.0,0.0,0.0,0.0,0.0,22.0,22.5,False,55.0
277,47832.5,0.0,0.0,0.0,0.0,20.0,39.0,False,44.0
558,47687.5,0.0,0.0,0.0,0.0,15.0,22.5,False,33.0
40,47472.5,0.0,0.0,0.0,0.0,16.0,185.5,False,38.5
542,46095.0,0.0,0.0,0.0,0.0,11.0,22.5,False,27.5
466,45865.0,0.0,0.0,0.0,0.0,15.0,70.5,False,33.0
255,45850.0,0.0,0.0,0.0,0.0,11.0,22.5,False,27.5
30,44457.5,0.0,0.0,0.0,0.0,16.0,22.5,False,38.5
474,44335.0,0.0,0.0,0.0,0.0,20.0,347.0,False,44.0
354,43530.0,0.0,0.0,0.0,0.0,20.0,28.5,False,44.0
166,43417.5,0.0,0.0,0.0,0.0,11.0,22.5,False,27.5
242,43220.0,0.0,0.0,0.0,0.0,25.0,51.5,False,55.0
541,42717.5,0.0,0.0,0.0,0.0,15.0,23.0,False,33.0
218,42607.5,0.0,0.0,0.0,0.0,15.0,91.0,False,33.0
282,42165.0,0.0,0.0,0.0,0.0,15.0,35.5,False,33.0
539,41952.5,0.0,0.0,0.0,0.0,16.0,37.0,False,38.5
258,41792.84249532307,0.0,0.0,0.0,0.0,16.0,22.5,False,38.5
276,41572.010477616,0.0,0.0,0.0,0.0,15.0,176.0,False,33.0
176,40870.0,0.0,0.0,0.0,0.0,10.0,66.0,False,22.0
471,40485.0,0.0,0.0,0.0,0.0,20.0,123.5,False,44.0
434,40432.5,0.0,0.0,0.0,0.0,20.0,22.5,False,44.0
27,39645.0,0.0,0.0,0.0,0.0,20.0,22.5,False,44.0
485,38797.5,0.0,0.0,0.0,0.0,11.0,132.5,False,27.5
390,38350.0,0.0,0.0,0.0,0.0,16.0,22.5,False,38.5
546,38115.0,0.0,0.0,0.0,0.0,20.0,22.5,False,44.0
58,37922.5,0.0,0.0,0.0,0.0,20.0,67.5,False,44.0
400,37509.16719669264,0.0,0.0,0.0,0.0,11.0,43.0,False,27.5
256,36995.0,0.0,0.0,0.0,0.0,22.0,22.5,False,55.0
284,36820.0,0.0,0.0,0.0,0.0,20.0,68.0,False,44.0
575,36820.0,0.0,0.0,0.0,0.0,21.0,28.0,False,49.5
204,36757.5,0.0,0.0,0.0,0.0,16.0,35.0,False,38.5
418,36285.0,0.0,0.0,0.0,0.0,11.0,225.0,False,27.5
325,36272.5,0.0,0.0,0.0,0.0,46.0,157.5,False,104.5
97,36270.0,0.0,0.0,0.0,0.0,15.0,35.0,False,33.0
563,35822.5,0.0,0.0,0.0,0.0,160.0,197.0,False,47.0
223,35627.5,0.0,0.0,0.0,0.0,11.0,43.0,False,27.5
20,34385.0,0.0,0.0,0.0,0.0,20.0,73.0,False,44.0
201,34145.0,0.0,0.0,0.0,0.0,15.0,22.5,False,33.0
67,34055.0,0.0,0.0,0.0,0.0,11.0,46.5,False,27.5
13,33907.5,0.0,0.0,0.0,0.0,15.0,22.5,False,33.0
385,33797.5,0.0,0.0,0.0,0.0,10.0,22.5,False,22.0
464,33110.0,0.0,0.0,0.0,0.0,15.0,79.5,False,33.0
536,33062.5,0.0,0.0,0.0,0.0,22.0,22.5,False,55.0
479,32797.5,0.0,0.0,0.0,0.0,15.0,43.0,False,33.0
514,32555.0,0.0,0.0,0.0,0.0,15.0,91.5,False,33.0
116,32225.0,0.0,0.0,0.0,0.0,11.0,317.5,False,27.5
82,31232.5,0.0,0.0,0.0,0.0,16.0,22.5,False,38.5
31,31160.0,0.0,0.0,0.0,0.0,11.0,28.5,False,27.5
129,31068.557692307695,0.0,0.0,0.0,0.0,15.0,22.5,False,33.0
343,30762.5,0.0,0.0,0.0,0.0,10.0,34.0,False,22.0
173,30310.0,0.0,0.0,0.0,0.0,25.0,28.0,False,55.0
565,30087.5,0.0,0.0,0.0,0.0,11.0,37.5,False,27.5
447,30045.0,0.0,0.0,0.0,0.0,11.0,93.0,False,27.5
473,29877.5,0.0,0.0,0.0,0.0,20.0,22.5,False,44.0
83,29762.5,0.0,0.0,0.0,0.0,46.0,55.5,False,104.5
310,29710.0,0.0,0.0,0.0,0.0,11.0,335.5,False,27.5
522,29305.0,0.0,0.0,0.0,0.0,21.0,22.5,False,49.5
497,29222.5,0.0,0.0,0.0,0.0,11.0,210.0,False,27.5
406,29162.5,0.0,0.0,0.0,0.0,16.0,55.5,False,38.5
3,28962.5,0.0,0.0,0.0,0.0,10.0,22.5,False,22.0
456,28862.5,0.0,0.0,0.0,0.0,11.0,24.0,False,27.5
105,28305.0,0.0,0.0,0.0,0.0,11.0,22.5,False,27.5
239,27722.5,0.0,0.0,0.0,0.0,25.0,182.5,False,55.0
23,27445.0,0.0,0.0,0.0,0.0,21.0,22.5,False,49.5
507,26956.054658840792,0.0,0.0,0.0,0.0,15.0,282.0,False,33.0
235,26552.5,0.0,0.0,0.0,0.0,10.0,22.5,False,22.0
551,26017.499999999996,0.0,0.0,0.0,0.0,20.0,39.5,False,44.0
372,25587.5,0.0,0.0,0.0,0.0,20.0,224.5,False,44.0
140,25360.0,0.0,0.0,0.0,0.0,36.0,41.5,False,82.5
5,24835.0,0.0,0.0,0.0,0.0,10.0,22.5,False,22.0
77,23895.0,0.0,0.0,0.0,0.0,15.0,57.5,False,33.0
573,23162.5,0.0,0.0,0.0,0.0,10.0,22.5,False,22.0
543,22357.5,0.0,0.0,0.0,0.0,11.0,22.5,False,27.5
560,22112.5,0.0,0.0,0.0,0.0,15.0,38.0,False,33.0
527,22090.0,0.0,0.0,0.0,0.0,21.0,23.5,False,49.5
416,21892.5,0.0,0.0,0.0,0.0,15.0,54.5,False,33.0
476,21742.5,0.0,0.0,0.0,0.0,10.0,80.0,False,22.0
518,21587.5,0.0,0.0,0.0,0.0,11.0,112.0,False,27.5
455,21322.5,0.0,0.0,0.0,0.0,16.0,208.5,False,38.5
21,21185.0,0.0,0.0,0.0,0.0,15.0,78.0,False,33.0
37,20982.5,0.0,0.0,0.0,0.0,11.0,22.5,False,27.5
481,20702.5,0.0,0.0,0.0,0.0,6.0,238.0,False,16.5
15,19982.5,0.0,0.0,0.0,0.0,15.0,22.5,False,33.0
358,19930.0,0.0,0.0,0.0,0.0,11.0,22.5,False,27.5
556,19807.5,0.0,0.0,0.0,0.0,11.0,55.5,False,27.5
482,19552.5,0.0,0.0,0.0,0.0,15.0,41.0,False,33.0
509,19390.0,0.0,0.0,0.0,0.0,16.0,164.0,False,38.5
438,19305.0,0.0,0.0,0.0,0.0,15.0,68.0,False,33.0
309,19277.5,0.0,0.0,0.0,0.0,15.0,108.5,False,33.0
265,19192.5,0.0,0.0,0.0,0.0,6.0,136.5,False,16.5
243,18967.5,0.0,0.0,0.0,0.0,15.0,75.0,False,33.0
158,18880.0,0.0,0.0,0.0,0.0,10.0,112.0,False,22.0
422,18547.5,0.0,0.0,0.0,0.0,11.0,253.5,False,27.5
493,18475.0,0.0,0.0,0.0,0.0,11.0,62.5,False,27.5
467,18162.5,0.0,0.0,0.0,0.0,10.0,23.0,False,22.0
308,17385.0,0.0,0.0,0.0,0.0,21.0,23.5,False,49.5
103,16672.5,0.0,0.0,0.0,0.0,20.0,22.5,False,44.0
407,16560.0,0.0,0.0,0.0,0.0,16.0,36.5,False,38.5
537,16375.0,0.0,0.0,0.0,0.0,10.0,102.5,False,22.0
199,16192.5,0.0,0.0,0.0,0.0,10.0,306.5,False,22.0
531,16147.5,0.0,0.0,0.0,0.0,11.0,22.5,False,27.5
78,16090.0,0.0,0.0,0.0,0.0,16.0,46.0,False,38.5
232,15975.0,0.0,0.0,0.0,0.0,11.0,26.5,False,27.5
410,15892.5,0.0,0.0,0.0,0.0,15.0,25.0,False,33.0
535,15302.5,0.0,0.0,0.0,0.0,6.0,22.5,False,16.5
431,15300.0,0.0,0.0,0.0,0.0,11.0,68.0,False,27.5
583,14887.5,0.0,0.0,0.0,0.0,16.0,36.5,False,38.5
216,14655.0,0.0,0.0,0.0,0.0,15.0,22.5,False,33.0
502,14319.999999999998,0.0,0.0,0.0,0.0,10.0,22.5,False,22.0
132,13960.0,0.0,0.0,0.0,0.0,10.0,53.0,False,22.0
332,13950.000000000002,0.0,0.0,0.0,0.0,6.0,63.5,False,16.5
2,13655.0,0.0,0.0,0.0,0.0,10.0,88.0,False,22.0
554,13562.5,0.0,0.0,0.0,0.0,10.0,22.5,False,22.0
169,13555.0,0.0,0.0,0.0,0.0,10.0,136.0,False,22.0
146,13210.0,0.0,0.0,0.0,0.0,11.0,26.0,False,27.5
11,13202.5,0.0,0.0,0.0,0.0,11.0,113.0,False,27.5
454,12775.0,0.0,0.0,0.0,0.0,11.0,22.5,False,27.5
194,12275.0,0.0,0.0,0.0,0.0,10.0,22.5,False,22.0
534,12100.0,0.0,0.0,0.0,0.0,10.0,103.0,False,22.0
128,11920.0,0.0,0.0,0.0,0.0,15.0,22.5,False,33.0
19,11757.5,0.0,0.0,0.0,0.0,6.0,296.5,False,16.5
34,10515.0,0.0,0.0,0.0,0.0,10.0,22.5,False,22.0
427,10510.0,0.0,0.0,0.0,0.0,6.0,107.0,False,16.5
181,10272.5,0.0,0.0,0.0,0.0,11.0,22.5,False,27.5
335,10010.0,0.0,0.0,0.0,0.0,6.0,309.5,False,16.5
303,9872.5,0.0,0.0,0.0,0.0,10.0,30.5,False,22.0
52,9812.5,0.0,0.0,0.0,0.0,25.0,38.0,False,55.0
61,9782.5,0.0,0.0,0.0,0.0,15.0,26.0,False,33.0
62,9765.0,0.0,0.0,0.0,0.0,11.0,22.5,False,27.5
582,9545.0,0.0,0.0,0.0,0.0,10.0,34.0,False,22.0
60,9000.0,0.0,0.0,0.0,0.0,5.0,114.0,False,11.0
465,8910.0,0.0,0.0,0.0,0.0,10.0,200.5,False,22.0
16,8029.999999999999,0.0,0.0,0.0,0.0,10.0,22.5,False,22.0
285,7730.0,0.0,0.0,0.0,0.0,10.0,188.0,False,22.0
334,7722.5,0.0,0.0,0.0,0.0,10.0,80.0,False,22.0
452,7302.5,0.0,0.0,0.0,0.0,15.0,35.0,False,33.0
240,7130.0,0.0,0.0,0.0,0.0,6.0,292.5,False,16.5
106,6979.999999999999,0.0,0.0,0.0,0.0,10.0,22.5,False,22.0
513,6862.5,0.0,0.0,0.0,0.0,11.0,87.0,False,27.5
130,6845.0,0.0,0.0,0.0,0.0,11.0,22.5,False,27.5
251,6120.0,0.0,0.0,0.0,0.0,6.0,112.5,False,16.5
202,5750.0,0.0,0.0,0.0,0.0,6.0,22.5,False,16.5
396,5512.5,0.0,0.0,0.0,0.0,6.0,44.5,False,16.5
6,5430.0,0.0,0.0,0.0,0.0,16.0,28.5,False,38.5
494,5227.5,0.0,0.0,0.0,0.0,10.0,27.5,False,22.0
457,4990.0,0.0,0.0,0.0,0.0,10.0,22.5,False,22.0
520,4825.0,0.0,0.0,0.0,0.0,6.0,22.5,False,16.5
489,4520.0,0.0,0.0,0.0,0.0,11.0,22.5,False,27.5
10,4295.0,0.0,0.0,0.0,0.0,16.0,359.0,False,38.5
311,4140.0,0.0,0.0,0.0,0.0,5.0,368.5,False,11.0
429,4140.0,0.0,0.0,0.0,0.0,5.0,34.0,False,11.0
503,4125.0,0.0,0.0,0.0,0.0,5.0,22.5,False,11.0
262,3679.9999999999995,0.0,0.0,0.0,0.0,5.0,22.5,False,11.0
495,3662.5,0.0,0.0,0.0,0.0,6.0,35.5,False,16.5
433,3620.0,0.0,0.0,0.0,0.0,6.0,48.0,False,16.5
18,3417.4999999999995,0.0,0.0,0.0,0.0,10.0,43.0,False,22.0
439,2990.0,0.0,0.0,0.0,0.0,11.0,22.5,False,27.5
73,2952.5000000000005,0.0,0.0,0.0,0.0,5.0,146.5,False,11.0
333,2760.0,0.0,0.0,0.0,0.0,6.0,32.5,False,16.5
359,2757.5,0.0,0.0,0.0,0.0,5.0,122.5,False,11.0
222,2710.0,0.0,0.0,0.0,0.0,6.0,378.5,False,16.5
259,2510.0,0.0,0.0,0.0,0.0,6.0,83.5,False,16.5
79,2492.5,0.0,0.0,0.0,0.0,10.0,29.0,False,22.0
459,2295.0,0.0,0.0,0.0,0.0,6.0,78.5,False,16.5
302,2024.9999999999998,0.0,0.0,0.0,0.0,6.0,137.5,False,16.5
492,1820.0,0.0,0.0,0.0,0.0,5.0,22.5,False,11.0
145,1609.9999999999998,0.0,0.0,0.0,0.0,5.0,86.0,False,11.0
496,1592.5000000000002,0.0,0.0,0.0,0.0,6.0,22.5,False,16.5
263,1145.0,0.0,0.0,0.0,0.0,1.0,121.5,False,5.5
437,1137.5000000000002,0.0,0.0,0.0,0.0,5.0,22.5,False,11.0
29,915.0,0.0,0.0,0.0,0.0,1.0,22.5,False,5.5
368,910.0,0.0,0.0,0.0,0.0,5.0,295.0,False,11.0
559,690.0,0.0,0.0,0.0,0.0,1.0,22.5,False,5.5
101,455.0,0.0,0.0,0.0,0.0,15.0,45.0,False,33.0
585,455.0,0.0,0.0,0.0,0.0,26.0,130.5,False,60.5
490,450.0,0.0,0.0,0.0,0.0,1.0,22.5,False,5.5
220,230.0,0.0,0.0,0.0,0.0,1.0,103.0,False,5.5
0,0.0,0.0,0.0,0.0,0.0,20.0,120.5,False,44.0
4,0.0,0.0,0.0,0.0,0.0,0.0,22.5,False,0.0
7,0.0,0.0,0.0,0.0,0.0,10.0,172.5,False,22.0
8,0.0,0.0,0.0,0.0,0.0,0.0,30.5,False,0.0
9,0.0,0.0,0.0,0.0,0.0,0.0,219.5,False,0.0
14,0.0,0.0,0.0,0.0,0.0,0.0,22.5,False,0.0
17,0.0,0.0,0.0,0.0,0.0,5.0,32.0,False,11.0
22,0.0,0.0,0.0,0.0,0.0,0.0,22.5,False,0.0
24,0.0,0.0,0.0,0.0,0.0,0.0,31.5,False,0.0
32,0.0,0.0,0.0,0.0,0.0,0.0,22.5,False,0.0
33,0.0,0.0,0.0,0.0,0.0,0.0,22.5,False,0.0
35,0.0,0.0,0.0,0.0,0.0,0.0,22.5,False,0.0
41,0.0,0.0,0.0,0.0,0.0,0.0,22.5,False,0.0
44,0.0,0.0,0.0,0.0,0.0,0.0,22.5,False,0.0
47,0.0,0.0,0.0,0.0,0.0,0.0,24.5,False,0.0
48,0.0,0.0,0.0,0.0,0.0,0.0,22.5,False,0.0
49,0.0,0.0,0.0,0.0,0.0,0.0,22.5,False,0.0
50,0.0,0.0,0.0,0.0,0.0,0.0,22.5,False,0.0
51,0.0,0.0,0.0,0.0,0.0,0.0,22.5,False,0.0
55,0.0,0.0,0.0,0.0,0.0,0.0,156.5,False,0.0
63,0.0,0.0,0.0,0.0,0.0,0.0,22.5,False,0.0
65,0.0,0.0,0.0,0.0,0.0,0.0,22.5,False,0.0
66,0.0,0.0,0.0,0.0,0.0,0.0,22.5,False,0.0
81,0.0,0.0,0.0,0.0,0.0,0.0,22.5,False,0.0
102,0.0,0.0,0.0,0.0,0.0,5.0,22.5,False,11.0
104,0.0,0.0,0.0,0.0,0.0,0.0,22.5,False,0.0
121,0.0,0.0,0.0,0.0,0.0,0.0,25.0,False,0.0
122,0.0,0.0,0.0,0.0,0.0,0.0,28.0,False,0.0
147,0.0,0.0,0.0,0.0,0.0,6.0,63.5,False,16.5
163,0.0,0.0,0.0,0.0,0.0,0.0,28.0,False,0.0
167,0.0,0.0,0.0,0.0,0.0,0.0,41.5,False,0.0
168,0.0,0.0,0.0,0.0,0.0,0.0,22.5,False,0.0
180,0.0,0.0,0.0,0.0,0.0,0.0,22.5,False,0.0
185,0.0,0.0,0.0,0.0,0.0,0.0,22.5,False,0.0
186,0.0,0.0,0.0,0.0,0.0,0.0,26.0,False,0.0
203,0.0,0.0,0.0,0.0,0.0,0.0,22.5,False,0.0
217,0.0,0.0,0.0,0.0,0.0,0.0,22.5,False,0.0
219,0.0,0.0,0.0,0.0,0.0,0.0,22.5,False,0.0
221,0.0,0.0,0.0,0.0,0.0,0.0,22.5,False,0.0
237,0.0,0.0,0.0,0.0,0.0,0.0,28.5,False,0.0
264,0.0,0.0,0.0,0.0,0.0,0.0,166.5,False,0.0
301,0.0,0.0,0.0,0.0,0.0,0.0,62.0,False,0.0
326,0.0,0.0,0.0,0.0,0.0,0.0,26.0,False,0.0
329,0.0,0.0,0.0,0.0,0.0,0.0,22.5,False,0.0
330,0.0,0.0,0.0,0.0,0.0,0.0,76.0,False,0.0
383,0.0,0.0,0.0,0.0,0.0,21.0,56.5,False,49.5
384,0.0,0.0,0.0,0.0,0.0,0.0,170.0,False,0.0
393,0.0,0.0,0.0,0.0,0.0,0.0,224.5,False,0.0
413,0.0,0.0,0.0,0.0,0.0,0.0,120.0,False,0.0
435,0.0,0.0,0.0,0.0,0.0,0.0,22.5,False,0.0
453,0.0,0.0,0.0,0.0,0.0,0.0,22.5,False,0.0
472,0.0,0.0,0.0,0.0,0.0,0.0,22.5,False,0.0
477,0.0,0.0,0.0,0.0,0.0,0.0,23.5,False,0.0
478,0.0,0.0,0.0,0.0,0.0,0.0,22.5,False,0.0
487,0.0,0.0,0.0,0.0,0.0,0.0,37.5,False,0.0
488,0.0,0.0,0.0,0.0,0.0,0.0,23.0,False,0.0
491,0.0,0.0,0.0,0.0,0.0,0.0,23.5,False,0.0
504,0.0,0.0,0.0,0.0,0.0,0.0,22.5,False,0.0
508,0.0,0.0,0.0,0.0,0.0,0.0,22.5,False,0.0
510,0.0,0.0,0.0,0.0,0.0,0.0,22.5,False,0.0
511,0.0,0.0,0.0,0.0,0.0,0.0,22.5,False,0.0
517,0.0,0.0,0.0,0.0,0.0,0.0,22.5,False,0.0
521,0.0,0.0,0.0,0.0,0.0,0.0,22.5,False,0.0
523,0.0,0.0,0.0,0.0,0.0,0.0,22.5,False,0.0
525,0.0,0.0,0.0,0.0,0.0,0.0,22.5,False,0.0
526,0.0,0.0,0.0,0.0,0.0,0.0,22.5,False,0.0
529,0.0,0.0,0.0,0.0,0.0,0.0,22.5,False,0.0
532,0.0,0.0,0.0,0.0,0.0,0.0,55.5,False,0.0
538,0.0,0.0,0.0,0.0,0.0,0.0,37.0,False,0.0
544,0.0,0.0,0.0,0.0,0.0,0.0,26.5,False,0.0
545,0.0,0.0,0.0,0.0,0.0,0.0,37.5,False,0.0
547,0.0,0.0,0.0,0.0,0.0,0.0,22.5,False,0.0
561,0.0,0.0,0.0,0.0,0.0,0.0,22.5,False,0.0
562,0.0,0.0,0.0,0.0,0.0,0.0,22.5,False,0.0
564,0.0,0.0,0.0,0.0,0.0,0.0,46.0,False,0.0
572,0.0,0.0,0.0,0.0,0.0,1.0,40.0,False,5.5
576,0.0,0.0,0.0,0.0,0.0,0.0,36.5,False,0.0
581,0.0,0.0,0.0,0.0,0.0,0.0,22.5,False,0.0
