HexID,DemandClass,AnnualDemand_kWh,AnnualSlack_kWh,SlackShare
213,public,575486.0985695127,1.091951123644634,1.8974413567224294e-06
0,home,39825.18447885515,0.0,0.0
0,public,0.0,0.0,0.0
1,home,141745.86048077236,0.0,0.0
1,public,53657.5,0.0,0.0
2,home,0.0,0.0,0.0
2,public,13655.0,0.0,0.0
3,home,0.0,0.0,0.0
3,public,28962.5,0.0,0.0
4,home,0.0,0.0,0.0
4,public,0.0,0.0,0.0
5,home,10095.996903508832,0.0,0.0
5,public,24835.0,0.0,0.0
6,home,28538.112453383485,0.0,0.0
6,public,5430.0,0.0,0.0
7,home,13774.563945194974,0.0,0.0
7,public,0.0,0.0,0.0
8,home,0.0,0.0,0.0
8,public,0.0,0.0,0.0
9,home,0.0,0.0,0.0
9,public,0.0,0.0,0.0
10,home,57551.150371248776,0.0,0.0
10,public,4295.0,0.0,0.0
11,home,31610.128513295986,0.0,0.0
11,public,13202.5,0.0,0.0
12,home,11072.436960585153,0.0,0.0
12,public,56595.0,0.0,0.0
13,home,428.49311392389905,0.0,0.0
13,public,33907.5,0.0,0.0
14,home,0.0,0.0,0.0
14,public,0.0,0.0,0.0
15,home,0.0,0.0,0.0
15,public,19982.5,0.0,0.0
16,home,0.0,0.0,0.0
16,public,8029.999999999999,0.0,0.0
17,home,6654.021503934779,0.0,0.0
17,public,0.0,0.0,0.0
18,home,4349.705093790165,0.0,0.0
18,public,3417.4999999999995,0.0,0.0
19,home,0.0,0.0,0.0
19,public,11757.5,0.0,0.0
20,home,27620.839867627994,0.0,0.0
20,public,34385.0,0.0,0.0
21,home,0.0,0.0,0.0
21,public,21185.0,0.0,0.0
22,home,0.0,0.0,0.0
22,public,0.0,0.0,0.0
23,home,0.0,0.0,0.0
23,public,27445.0,0.0,0.0
24,home,0.0,0.0,0.0
24,public,0.0,0.0,0.0
25,home,0.0,0.0,0.0
25,public,66865.0,0.0,0.0
26,home,0.0,0.0,0.0
26,public,82298.44108308344,0.0,0.0
27,home,0.0,0.0,0.0
27,public,39645.0,0.0,0.0
28,home,10558.453892978283,0.0,0.0
28,public,106525.0,0.0,0.0
29,home,0.0,0.0,0.0
29,public,915.0,0.0,0.0
30,home,0.0,0.0,0.0
30,public,44457.5,0.0,0.0
31,home,0.0,0.0,0.0
31,public,31160.0,0.0,0.0
32,home,0.0,0.0,0.0
32,public,0.0,0.0,0.0
33,home,0.0,0.0,0.0
33,public,0.0,0.0,0.0
34,home,0.0,0.0,0.0
34,public,10515.0,0.0,0.0
35,home,0.0,0.0,0.0
35,public,0.0,0.0,0.0
36,home,0.0,0.0,0.0
36,public,73628.00347771104,0.0,0.0
37,home,0.0,0.0,0.0
37,public,20982.5,0.0,0.0
38,home,0.0,0.0,0.0
38,public,87617.5,0.0,0.0
39,home,0.0,0.0,0.0
39,public,83012.5,0.0,0.0
40,home,0.0,0.0,0.0
40,public,47472.5,0.0,0.0
41,home,0.0,0.0,0.0
41,public,0.0,0.0,0.0
42,home,0.0,0.0,0.0
42,public,71757.5,0.0,0.0
43,home,0.0,0.0,0.0
43,public,201282.5,0.0,0.0
44,home,0.0,0.0,0.0
44,public,0.0,0.0,0.0
45,home,0.0,0.0,0.0
45,public,75570.0,0.0,0.0
46,home,0.0,0.0,0.0
46,public,144627.5,0.0,0.0
47,home,0.0,0.0,0.0
47,public,0.0,0.0,0.0
48,home,0.0,0.0,0.0
48,public,0.0,0.0,0.0
49,home,0.0,0.0,0.0
49,public,0.0,0.0,0.0
50,home,0.0,0.0,0.0
50,public,0.0,0.0,0.0
51,home,0.0,0.0,0.0
51,public,0.0,0.0,0.0
52,home,0.0,0.0,0.0
52,public,9812.5,0.0,0.0
53,home,0.0,0.0,0.0
53,public,173210.0,0.0,0.0
54,home,0.0,0.0,0.0
54,public,95072.5,0.0,0.0
55,home,0.0,0.0,0.0
55,public,0.0,0.0,0.0
56,home,0.0,0.0,0.0
56,public,275990.0,0.0,0.0
57,home,0.0,0.0,0.0
57,public,170320.9951144253,0.0,0.0
58,home,0.0,0.0,0.0
58,public,37922.5,0.0,0.0
59,home,0.0,0.0,0.0
59,public,76552.5,0.0,0.0
60,home,0.0,0.0,0.0
60,public,9000.0,0.0,0.0
61,home,0.0,0.0,0.0
61,public,9782.5,0.0,0.0
62,home,2039.4959078232323,0.0,0.0
62,public,9765.0,0.0,0.0
63,home,0.0,0.0,0.0
63,public,0.0,0.0,0.0
64,home,0.0,0.0,0.0
64,public,49987.5,0.0,0.0
65,home,0.0,0.0,0.0
65,public,0.0,0.0,0.0
66,home,0.0,0.0,0.0
66,public,0.0,0.0,0.0
67,home,0.0,0.0,0.0
67,public,34055.0,0.0,0.0
68,home,0.0,0.0,0.0
68,public,180407.5,0.0,0.0
69,home,0.0,0.0,0.0
69,public,83707.5,0.0,0.0
70,home,0.0,0.0,0.0
70,public,119677.5,0.0,0.0
71,home,0.0,0.0,0.0
71,public,112040.0,0.0,0.0
72,home,0.0,0.0,0.0
72,public,171579.27800521028,0.0,0.0
73,home,0.0,0.0,0.0
73,public,2952.5000000000005,0.0,0.0
74,home,0.0,0.0,0.0
74,public,119750.0,0.0,0.0
75,home,0.0,0.0,0.0
75,public,357400.0,0.0,0.0
76,home,0.0,0.0,0.0
76,public,349000.0,0.0,0.0
77,home,0.0,0.0,0.0
77,public,23895.0,0.0,0.0
78,home,0.0,0.0,0.0
78,public,16090.0,0.0,0.0
79,home,0.0,0.0,0.0
79,public,2492.5,0.0,0.0
80,home,0.0,0.0,0.0
80,public,85795.0,0.0,0.0
81,home,0.0,0.0,0.0
81,public,0.0,0.0,0.0
82,home,0.0,0.0,0.0
82,public,31232.5,0.0,0.0
83,home,0.0,0.0,0.0
83,public,29762.5,0.0,0.0
84,home,0.0,0.0,0.0
84,public,106205.0,0.0,0.0
85,home,0.0,0.0,0.0
85,public,222325.46940280168,0.0,0.0
86,home,0.0,0.0,0.0
86,public,307217.3409269442,0.0,0.0
87,home,0.0,0.0,0.0
87,public,70867.5,0.0,0.0
88,home,0.0,0.0,0.0
88,public,237762.37889674355,0.0,0.0
89,home,0.0,0.0,0.0
89,public,279940.0,0.0,0.0
90,home,0.0,0.0,0.0
90,public,111700.0,0.0,0.0
91,home,0.0,0.0,0.0
91,public,139462.5,0.0,0.0
92,home,0.0,0.0,0.0
92,public,122245.0,0.0,0.0
93,home,15179.112291759455,0.0,0.0
93,public,331082.86913192057,0.0,0.0
94,home,0.0,0.0,0.0
94,public,305495.0,0.0,0.0
95,home,0.0,0.0,0.0
95,public,188430.0,0.0,0.0
96,home,7048.941627258868,0.0,0.0
96,public,171717.5,0.0,0.0
97,home,0.0,0.0,0.0
97,public,36270.0,0.0,0.0
98,home,0.0,0.0,0.0
98,public,55220.0,0.0,0.0
99,home,0.0,0.0,0.0
99,public,55387.5,0.0,0.0
100,home,0.0,0.0,0.0
100,public,297031.9305937038,0.0,0.0
101,home,36231.82069752795,0.0,0.0
101,public,455.0,0.0,0.0
102,home,4970.366603478454,0.0,0.0
102,public,0.0,0.0,0.0
103,home,0.0,0.0,0.0
103,public,16672.5,0.0,0.0
104,home,0.0,0.0,0.0
104,public,0.0,0.0,0.0
105,home,0.0,0.0,0.0
105,public,28305.0,0.0,0.0
106,home,0.0,0.0,0.0
106,public,6979.999999999999,0.0,0.0
107,home,0.0,0.0,0.0
107,public,151095.0,0.0,0.0
108,home,0.0,0.0,0.0
108,public,161402.5,0.0,0.0
109,home,0.0,0.0,0.0
109,public,93772.5,0.0,0.0
110,home,0.0,0.0,0.0
110,public,394760.0,0.0,0.0
111,home,327.97139033180235,0.0,0.0
111,public,379422.5,0.0,0.0
112,home,0.0,0.0,0.0
112,public,179635.0,0.0,0.0
113,home,0.0,0.0,0.0
113,public,336052.5,0.0,0.0
114,home,0.0,0.0,0.0
114,public,262295.0,0.0,0.0
115,home,0.0,0.0,0.0
115,public,223960.0,0.0,0.0
116,home,0.0,0.0,0.0
116,public,32225.0,0.0,0.0
117,home,0.0,0.0,0.0
117,public,196825.0,0.0,0.0
118,home,731.2550174280649,0.0,0.0
118,public,554801.6633713298,0.0,0.0
119,home,0.0,0.0,0.0
119,public,142205.0,0.0,0.0
120,home,0.0,0.0,0.0
120,public,103682.5,0.0,0.0
121,home,0.0,0.0,0.0
121,public,0.0,0.0,0.0
122,home,0.0,0.0,0.0
122,public,0.0,0.0,0.0
123,home,0.0,0.0,0.0
123,public,145235.0,0.0,0.0
124,home,0.0,0.0,0.0
124,public,108515.0,0.0,0.0
125,home,0.0,0.0,0.0
125,public,288117.5,0.0,0.0
126,home,115904.49876175186,0.0,0.0
126,public,233945.0,0.0,0.0
127,home,173074.89048216224,0.0,0.0
127,public,158202.5,0.0,0.0
128,home,23165.03083023835,0.0,0.0
128,public,11920.0,0.0,0.0
129,home,0.0,0.0,0.0
129,public,31068.557692307695,0.0,0.0
130,home,0.0,0.0,0.0
130,public,6845.0,0.0,0.0
131,home,0.0,0.0,0.0
131,public,57765.0,0.0,0.0
132,home,0.0,0.0,0.0
132,public,13960.0,0.0,0.0
133,home,0.0,0.0,0.0
133,public,151928.96993318485,0.0,0.0
134,home,2783.5539782669725,0.0,0.0
134,public,271457.5,0.0,0.0
135,home,19649.842056983904,0.0,0.0
135,public,475962.5,0.0,0.0
136,home,1590.380068122785,0.0,0.0
136,public,118252.5,0.0,0.0
137,home,0.0,0.0,0.0
137,public,76317.5,0.0,0.0
138,home,0.0,0.0,0.0
138,public,250277.5,0.0,0.0
139,home,0.0,0.0,0.0
139,public,219880.0,0.0,0.0
140,home,0.0,0.0,0.0
140,public,25360.0,0.0,0.0
141,home,0.0,0.0,0.0
141,public,204900.0,0.0,0.0
142,home,0.0,0.0,0.0
142,public,544847.5,0.0,0.0
143,home,900.1230639716306,0.0,0.0
143,public,231652.5,0.0,0.0
144,home,0.0,0.0,0.0
144,public,126938.67536775311,0.0,0.0
145,home,0.0,0.0,0.0
145,public,1609.9999999999998,0.0,0.0
146,home,0.0,0.0,0.0
146,public,13210.0,0.0,0.0
147,home,1520.320086343478,0.0,0.0
147,public,0.0,0.0,0.0
148,home,63436.86131964635,0.0,0.0
148,public,267000.0,0.0,0.0
149,home,51192.55824925906,0.0,0.0
149,public,233188.16669002242,0.0,0.0
150,home,15816.435187222822,0.0,0.0
150,public,49670.0,0.0,0.0
151,home,0.0,0.0,0.0
151,public,59367.5,0.0,0.0
152,home,0.0,0.0,0.0
152,public,207943.60187110186,0.0,0.0
153,home,0.0,0.0,0.0
153,public,153812.5,0.0,0.0
154,home,0.0,0.0,0.0
154,public,151077.5,0.0,0.0
155,home,0.0,0.0,0.0
155,public,164880.9743057772,0.0,0.0
156,home,0.0,0.0,0.0
156,public,830565.0797503467,0.0,0.0
157,home,0.0,0.0,0.0
157,public,129640.0,0.0,0.0
158,home,0.0,0.0,0.0
158,public,18880.0,0.0,0.0
159,home,0.0,0.0,0.0
159,public,460567.5,0.0,0.0
160,home,7564.115091780908,0.0,0.0
160,public,630766.1990465246,0.0,0.0
161,home,0.0,0.0,0.0
161,public,387820.0,0.0,0.0
162,home,6793.626936706167,0.0,0.0
162,public,134319.17080885675,0.0,0.0
163,home,0.0,0.0,0.0
163,public,0.0,0.0,0.0
164,home,36311.2104547555,0.0,0.0
164,public,218594.896114386,0.0,0.0
165,home,58759.54692269526,0.0,0.0
165,public,97675.0,0.0,0.0
166,home,0.0,0.0,0.0
166,public,43417.5,0.0,0.0
167,home,0.0,0.0,0.0
167,public,0.0,0.0,0.0
168,home,0.0,0.0,0.0
168,public,0.0,0.0,0.0
169,home,0.0,0.0,0.0
169,public,13555.0,0.0,0.0
170,home,0.0,0.0,0.0
170,public,63982.5,0.0,0.0
171,home,0.0,0.0,0.0
171,public,302080.0,0.0,0.0
172,home,0.0,0.0,0.0
172,public,169950.0,0.0,0.0
173,home,0.0,0.0,0.0
173,public,30310.0,0.0,0.0
174,home,607.3490230634466,0.0,0.0
174,public,187107.5,0.0,0.0
175,home,992.3018109311874,0.0,0.0
175,public,352165.0,0.0,0.0
176,home,0.0,0.0,0.0
176,public,40870.0,0.0,0.0
177,home,0.0,0.0,0.0
177,public,81425.0,0.0,0.0
178,home,0.0,0.0,0.0
178,public,328927.5,0.0,0.0
179,home,0.0,0.0,0.0
179,public,166615.0,0.0,0.0
180,home,0.0,0.0,0.0
180,public,0.0,0.0,0.0
181,home,0.0,0.0,0.0
181,public,10272.5,0.0,0.0
182,home,0.0,0.0,0.0
182,public,57315.0,0.0,0.0
183,home,0.0,0.0,0.0
183,public,65582.5,0.0,0.0
184,home,0.0,0.0,0.0
184,public,63652.5,0.0,0.0
185,home,0.0,0.0,0.0
185,public,0.0,0.0,0.0
186,home,0.0,0.0,0.0
186,public,0.0,0.0,0.0
187,home,0.0,0.0,0.0
187,public,146855.0,0.0,0.0
188,home,0.0,0.0,0.0
188,public,112120.0,0.0,0.0
189,home,0.0,0.0,0.0
189,public,162345.0,0.0,0.0
190,home,0.0,0.0,0.0
190,public,154865.0,0.0,0.0
191,home,0.0,0.0,0.0
191,public,316312.5,0.0,0.0
192,home,0.0,0.0,0.0
192,public,250455.0,0.0,0.0
193,home,0.0,0.0,0.0
193,public,218080.0,0.0,0.0
194,home,0.0,0.0,0.0
194,public,12275.0,0.0,0.0
195,home,0.0,0.0,0.0
195,public,79016.17662542775,0.0,0.0
196,home,0.0,0.0,0.0
196,public,242207.5,0.0,0.0
197,home,0.0,0.0,0.0
197,public,314735.0107881711,0.0,0.0
198,home,71.5653030253348,0.0,0.0
198,public,173470.0,0.0,0.0
199,home,0.0,0.0,0.0
199,public,16192.5,0.0,0.0
200,home,0.0,0.0,0.0
200,public,149222.5,0.0,0.0
201,home,0.0,0.0,0.0
201,public,34145.0,0.0,0.0
202,home,0.0,0.0,0.0
202,public,5750.0,0.0,0.0
203,home,0.0,0.0,0.0
203,public,0.0,0.0,0.0
204,home,0.0,0.0,0.0
204,public,36757.5,0.0,0.0
205,home,0.0,0.0,0.0
205,public,156605.0,0.0,0.0
206,home,0.0,0.0,0.0
206,public,147880.0,0.0,0.0
207,home,0.0,0.0,0.0
207,public,49020.0,0.0,0.0
208,home,0.0,0.0,0.0
208,public,165672.5,0.0,0.0
209,home,0.0,0.0,0.0
209,public,226980.0,0.0,0.0
210,home,0.0,0.0,0.0
210,public,127442.5,0.0,0.0
211,home,0.0,0.0,0.0
211,public,622652.5,0.0,0.0
212,home,0.0,0.0,0.0
212,public,304352.52100840333,0.0,0.0
213,home,0.0,0.0,0.0
214,home,31543.68491747619,0.0,0.0
214,public,323570.0,0.0,0.0
215,home,0.0,0.0,0.0
215,public,345240.0,0.0,0.0
216,home,0.0,0.0,0.0
216,public,14655.0,0.0,0.0
217,home,0.0,0.0,0.0
217,public,0.0,0.0,0.0
218,home,0.0,0.0,0.0
218,public,42607.5,0.0,0.0
219,home,0.0,0.0,0.0
219,public,0.0,0.0,0.0
220,home,0.0,0.0,0.0
220,public,230.0,0.0,0.0
221,home,0.0,0.0,0.0
221,public,0.0,0.0,0.0
222,home,0.0,0.0,0.0
222,public,2710.0,0.0,0.0
223,home,0.0,0.0,0.0
223,public,35627.5,0.0,0.0
224,home,5289.595319361581,0.0,0.0
224,public,148912.5,0.0,0.0
225,home,238792.09408083343,0.0,0.0
225,public,817575.0,0.0,0.0
226,home,610.2364227530617,0.0,0.0
226,public,180530.0,0.0,0.0
227,home,121244.27543337426,0.0,0.0
227,public,1020486.8921011874,0.0,0.0
228,home,33071.20980254945,0.0,0.0
228,public,349807.5,0.0,0.0
229,home,32607.11689281317,0.0,0.0
229,public,367367.5,0.0,0.0
230,home,0.0,0.0,0.0
230,public,650602.5,0.0,0.0
231,home,0.0,0.0,0.0
231,public,223137.5,0.0,0.0
232,home,0.0,0.0,0.0
232,public,15975.0,0.0,0.0
233,home,19923.921881129754,0.0,0.0
233,public,181637.5,0.0,0.0
234,home,0.0,0.0,0.0
234,public,142616.82918315104,0.0,0.0
235,home,0.0,0.0,0.0
235,public,26552.5,0.0,0.0
236,home,1812.3714361074499,0.0,0.0
236,public,51737.5,0.0,0.0
237,home,0.0,0.0,0.0
237,public,0.0,0.0,0.0
238,home,0.0,0.0,0.0
238,public,117645.0,0.0,0.0
239,home,0.0,0.0,0.0
239,public,27722.5,0.0,0.0
240,home,0.0,0.0,0.0
240,public,7130.0,0.0,0.0
241,home,0.0,0.0,0.0
241,public,101155.0,0.0,0.0
242,home,0.0,0.0,0.0
242,public,43220.0,0.0,0.0
243,home,18822.401263447005,0.0,0.0
243,public,18967.5,0.0,0.0
244,home,71920.99347998039,0.0,0.0
244,public,200515.0,0.0,0.0
245,home,344224.8544718479,0.0,0.0
245,public,673032.5506947052,0.0,0.0
246,home,259970.12224317386,0.0,0.0
246,public,1362389.8669587518,0.0,0.0
247,home,140646.0154792166,0.0,0.0
247,public,549629.189612015,0.0,0.0
248,home,98171.48597636477,0.0,0.0
248,public,1219997.5,0.0,0.0
249,home,5887.093551182187,0.0,0.0
249,public,463582.5,0.0,0.0
250,home,0.0,0.0,0.0
250,public,209497.5,0.0,0.0
251,home,0.0,0.0,0.0
251,public,6120.0,0.0,0.0
252,home,0.0,0.0,0.0
252,public,62385.0,0.0,0.0
253,home,0.0,0.0,0.0
253,public,151365.0,0.0,0.0
254,home,116874.61398616052,0.0,0.0
254,public,221245.0,0.0,0.0
255,home,5071.680930432217,0.0,0.0
255,public,45850.0,0.0,0.0
256,home,11332.261117330378,0.0,0.0
256,public,36995.0,0.0,0.0
257,home,0.0,0.0,0.0
257,public,84070.0,0.0,0.0
258,home,8400.588840912336,0.0,0.0
258,public,41792.84249532307,0.0,0.0
259,home,0.0,0.0,0.0
259,public,2510.0,0.0,0.0
260,home,0.0,0.0,0.0
260,public,160792.5,0.0,0.0
261,home,0.0,0.0,0.0
261,public,287722.5,0.0,0.0
262,home,0.0,0.0,0.0
262,public,3679.9999999999995,0.0,0.0
263,home,0.0,0.0,0.0
263,public,1145.0,0.0,0.0
264,home,0.0,0.0,0.0
264,public,0.0,0.0,0.0
265,home,0.0,0.0,0.0
265,public,19192.5,0.0,0.0
266,home,0.0,0.0,0.0
266,public,97651.09764089122,0.0,0.0
267,home,0.0,0.0,0.0
267,public,682873.0365723438,0.0,0.0
268,home,332629.88983635197,0.0,0.0
268,public,346155.0,0.0,0.0
269,home,0.0,0.0,0.0
269,public,298350.0,0.0,0.0
270,home,9770.76932641604,0.0,0.0
270,public,220387.5,0.0,0.0
271,home,0.0,0.0,0.0
271,public,1997812.5,0.0,0.0
272,home,44989.006482764125,0.0,0.0
272,public,1005665.0,0.0,0.0
273,home,0.0,0.0,0.0
273,public,473930.0,0.0,0.0
274,home,0.0,0.0,0.0
274,public,316610.0,0.0,0.0
275,home,0.0,0.0,0.0
275,public,94802.5,0.0,0.0
276,home,0.0,0.0,0.0
276,public,41572.010477616,0.0,0.0
277,home,1221.3896826916753,0.0,0.0
277,public,47832.5,0.0,0.0
278,home,224816.24837237564,0.0,0.0
278,public,129680.0,0.0,0.0
279,home,4125.3944460563625,0.0,0.0
279,public,112100.0,0.0,0.0
280,home,0.0,0.0,0.0
280,public,210247.5,0.0,0.0
281,home,0.0,0.0,0.0
281,public,129827.5,0.0,0.0
282,home,0.0,0.0,0.0
282,public,42165.0,0.0,0.0
283,home,0.0,0.0,0.0
283,public,74785.0,0.0,0.0
284,home,0.0,0.0,0.0
284,public,36820.0,0.0,0.0
285,home,0.0,0.0,0.0
285,public,7730.0,0.0,0.0
286,home,0.0,0.0,0.0
286,public,210202.5,0.0,0.0
287,home,0.0,0.0,0.0
287,public,383285.0,0.0,0.0
288,home,38233.918937300914,0.0,0.0
288,public,288340.0,0.0,0.0
289,home,74772.00469512196,0.0,0.0
289,public,251097.5,0.0,0.0
290,home,0.0,0.0,0.0
290,public,225437.5,0.0,0.0
291,home,0.0,0.0,0.0
291,public,587175.5130220026,0.0,0.0
292,home,0.0,0.0,0.0
292,public,817440.0,0.0,0.0
293,home,17003.71351480338,0.0,0.0
293,public,456177.5,0.0,0.0
294,home,223144.94015389253,0.0,0.0
294,public,810987.5,0.0,0.0
295,home,0.0,0.0,0.0
295,public,200912.5,0.0,0.0
296,home,0.0,0.0,0.0
296,public,134797.5,0.0,0.0
297,home,0.0,0.0,0.0
297,public,204115.0,0.0,0.0
298,home,0.0,0.0,0.0
298,public,75915.0,0.0,0.0
299,home,0.0,0.0,0.0
299,public,411126.02415234764,0.0,0.0
300,home,0.0,0.0,0.0
300,public,141535.0,0.0,0.0
301,home,0.0,0.0,0.0
301,public,0.0,0.0,0.0
302,home,0.0,0.0,0.0
302,public,2024.9999999999998,0.0,0.0
303,home,14433.615667292002,0.0,0.0
303,public,9872.5,0.0,0.0
304,home,0.0,0.0,0.0
304,public,51055.0,0.0,0.0
305,home,41569.89458738729,0.0,0.0
305,public,114221.17768595042,0.0,0.0
306,home,1811.0889147417424,0.0,0.0
306,public,99372.5,0.0,0.0
307,home,0.0,0.0,0.0
307,public,89672.5,0.0,0.0
308,home,0.0,0.0,0.0
308,public,17385.0,0.0,0.0
309,home,0.0,0.0,0.0
309,public,19277.5,0.0,0.0
310,home,0.0,0.0,0.0
310,public,29710.0,0.0,0.0
311,home,0.0,0.0,0.0
311,public,4140.0,0.0,0.0
312,home,125654.16181721093,0.0,0.0
312,public,379047.5,0.0,0.0
313,home,0.0,0.0,0.0
313,public,97162.5,0.0,0.0
314,home,0.0,0.0,0.0
314,public,330077.5,0.0,0.0
315,home,0.0,0.0,0.0
315,public,592157.5,0.0,0.0
316,home,78479.16328930101,0.0,0.0
316,public,360282.5,0.0,0.0
317,home,0.0,0.0,0.0
317,public,111297.5,0.0,0.0
318,home,0.0,0.0,0.0
318,public,223702.5,0.0,0.0
319,home,0.0,0.0,0.0
319,public,182587.5,0.0,0.0
320,home,8883.856560173144,0.0,0.0
320,public,303866.4546112989,0.0,0.0
321,home,0.0,0.0,0.0
321,public,533404.5111386139,0.0,0.0
322,home,0.0,0.0,0.0
322,public,312990.0,0.0,0.0
323,home,0.0,0.0,0.0
323,public,253325.0,0.0,0.0
324,home,0.0,0.0,0.0
324,public,388715.0,0.0,0.0
325,home,181194.2666239651,0.0,0.0
325,public,36272.5,0.0,0.0
326,home,0.0,0.0,0.0
326,public,0.0,0.0,0.0
327,home,0.0,0.0,0.0
327,public,55660.0,0.0,0.0
328,home,0.0,0.0,0.0
328,public,71725.0,0.0,0.0
329,home,0.0,0.0,0.0
329,public,0.0,0.0,0.0
330,home,0.0,0.0,0.0
330,public,0.0,0.0,0.0
331,home,16137.899078221344,0.0,0.0
331,public,249561.863007836,0.0,0.0
332,home,0.0,0.0,0.0
332,public,13950.000000000002,0.0,0.0
333,home,0.0,0.0,0.0
333,public,2760.0,0.0,0.0
334,home,0.0,0.0,0.0
334,public,7722.5,0.0,0.0
335,home,0.0,0.0,0.0
335,public,10010.0,0.0,0.0
336,home,0.0,0.0,0.0
336,public,81452.5,0.0,0.0
337,home,35545.36952952723,0.0,0.0
337,public,137465.0,0.0,0.0
338,home,0.0,0.0,0.0
338,public,228485.0,0.0,0.0
339,home,0.0,0.0,0.0
339,public,68717.5,0.0,0.0
340,home,0.0,0.0,0.0
340,public,335940.0,0.0,0.0
341,home,0.0,0.0,0.0
341,public,191547.5,0.0,0.0
342,home,0.0,0.0,0.0
342,public,194870.0,0.0,0.0
343,home,0.0,0.0,0.0
343,public,30762.5,0.0,0.0
344,home,0.0,0.0,0.0
344,public,142210.0,0.0,0.0
345,home,0.0,0.0,0.0
345,public,288492.5,0.0,0.0
346,home,0.0,0.0,0.0
346,public,87862.5,0.0,0.0
347,home,0.0,0.0,0.0
347,public,495137.5,0.0,0.0
348,home,0.0,0.0,0.0
348,public,157555.0,0.0,0.0
349,home,0.0,0.0,0.0
349,public,412912.5,0.0,0.0
350,home,8426.854798737784,0.0,0.0
350,public,113295.0,0.0,0.0
351,home,54154.56496986184,0.0,0.0
351,public,143954.69769217196,0.0,0.0
352,home,0.0,0.0,0.0
352,public,438060.6751125188,0.0,0.0
353,home,0.0,0.0,0.0
353,public,167462.5,0.0,0.0
354,home,0.0,0.0,0.0
354,public,43530.0,0.0,0.0
355,home,0.0,0.0,0.0
355,public,252980.47146401985,0.0,0.0
356,home,0.0,0.0,0.0
356,public,196385.0,0.0,0.0
357,home,0.0,0.0,0.0
357,public,76942.5,0.0,0.0
358,home,0.0,0.0,0.0
358,public,19930.0,0.0,0.0
359,home,0.0,0.0,0.0
359,public,2757.5,0.0,0.0
360,home,0.0,0.0,0.0
360,public,254235.0,0.0,0.0
361,home,0.0,0.0,0.0
361,public,941887.5,0.0,0.0
362,home,135868.98756106402,0.0,0.0
362,public,407230.0,0.0,0.0
363,home,0.0,0.0,0.0
363,public,63062.5,0.0,0.0
364,home,0.0,0.0,0.0
364,public,140408.18273458772,0.0,0.0
365,home,0.0,0.0,0.0
365,public,290947.5,0.0,0.0
366,home,0.0,0.0,0.0
366,public,141867.5,0.0,0.0
367,home,0.0,0.0,0.0
367,public,265242.5,0.0,0.0
368,home,0.0,0.0,0.0
368,public,910.0,0.0,0.0
369,home,0.0,0.0,0.0
369,public,148685.0,0.0,0.0
370,home,10932.651533519314,0.0,0.0
370,public,341937.5,0.0,0.0
371,home,483.39353334143914,0.0,0.0
371,public,172795.0,0.0,0.0
372,home,0.0,0.0,0.0
372,public,25587.5,0.0,0.0
373,home,0.0,0.0,0.0
373,public,192710.0,0.0,0.0
374,home,0.0,0.0,0.0
374,public,161606.8734256927,0.0,0.0
375,home,2205.9099125331113,0.0,0.0
375,public,217281.73374613005,0.0,0.0
376,home,0.0,0.0,0.0
376,public,52520.0,0.0,0.0
377,home,210973.71170670388,0.0,0.0
377,public,272387.5,0.0,0.0
378,home,218838.32500617323,0.0,0.0
378,public,227487.5,0.0,0.0
379,home,0.0,0.0,0.0
379,public,87225.0,0.0,0.0
380,home,0.0,0.0,0.0
380,public,100152.5,0.0,0.0
381,home,21765.679099241697,0.0,0.0
381,public,327430.0,0.0,0.0
382,home,179.8902094821824,0.0,0.0
382,public,71182.5,0.0,0.0
383,home,84416.93957368194,0.0,0.0
383,public,0.0,0.0,0.0
384,home,0.0,0.0,0.0
384,public,0.0,0.0,0.0
385,home,0.0,0.0,0.0
385,public,33797.5,0.0,0.0
386,home,0.0,0.0,0.0
386,public,316677.5,0.0,0.0
387,home,0.0,0.0,0.0
387,public,65157.5,0.0,0.0
388,home,569.8413834245874,0.0,0.0
388,public,337642.5,0.0,0.0
389,home,0.0,0.0,0.0
389,public,123252.5,0.0,0.0
390,home,0.0,0.0,0.0
390,public,38350.0,0.0,0.0
391,home,0.0,0.0,0.0
391,public,64305.0,0.0,0.0
392,home,0.0,0.0,0.0
392,public,136931.15226337448,0.0,0.0
393,home,0.0,0.0,0.0
393,public,0.0,0.0,0.0
394,home,0.0,0.0,0.0
394,public,182732.5,0.0,0.0
395,home,0.0,0.0,0.0
395,public,182842.5,0.0,0.0
396,home,0.0,0.0,0.0
396,public,5512.5,0.0,0.0
397,home,0.0,0.0,0.0
397,public,127935.0,0.0,0.0
398,home,0.0,0.0,0.0
398,public,57027.5,0.0,0.0
399,home,0.0,0.0,0.0
399,public,204900.0,0.0,0.0
400,home,10789.799582503865,0.0,0.0
400,public,37509.16719669264,0.0,0.0
401,home,0.0,0.0,0.0
401,public,249962.5,0.0,0.0
402,home,0.0,0.0,0.0
402,public,232145.0,0.0,0.0
403,home,0.0,0.0,0.0
403,public,219100.0,0.0,0.0
404,home,0.0,0.0,0.0
404,public,79672.5,0.0,0.0
405,home,4391.94037903793,0.0,0.0
405,public,51242.5,0.0,0.0
406,home,963.8043120344478,0.0,0.0
406,public,29162.5,0.0,0.0
407,home,0.0,0.0,0.0
407,public,16560.0,0.0,0.0
408,home,65678.8077269203,0.0,0.0
408,public,148540.0,0.0,0.0
409,home,6296.783242437762,0.0,0.0
409,public,118952.5,0.0,0.0
410,home,0.0,0.0,0.0
410,public,15892.5,0.0,0.0
411,home,0.0,0.0,0.0
411,public,108030.0,0.0,0.0
412,home,0.0,0.0,0.0
412,public,55245.0,0.0,0.0
413,home,0.0,0.0,0.0
413,public,0.0,0.0,0.0
414,home,0.0,0.0,0.0
414,public,66047.5,0.0,0.0
415,home,0.0,0.0,0.0
415,public,120540.0,0.0,0.0
416,home,0.0,0.0,0.0
416,public,21892.5,0.0,0.0
417,home,0.0,0.0,0.0
417,public,63317.5,0.0,0.0
418,home,0.0,0.0,0.0
418,public,36285.0,0.0,0.0
419,home,0.0,0.0,0.0
419,public,371500.0,0.0,0.0
420,home,0.0,0.0,0.0
420,public,170405.0,0.0,0.0
421,home,0.0,0.0,0.0
421,public,260527.5,0.0,0.0
422,home,0.0,0.0,0.0
422,public,18547.5,0.0,0.0
423,home,0.0,0.0,0.0
423,public,219202.79700725514,0.0,0.0
424,home,2715.2076170404816,0.0,0.0
424,public,302679.1525075363,0.0,0.0
425,home,0.0,0.0,0.0
425,public,75045.0,0.0,0.0
426,home,0.0,0.0,0.0
426,public,117340.0,0.0,0.0
427,home,0.0,0.0,0.0
427,public,10510.0,0.0,0.0
428,home,0.0,0.0,0.0
428,public,88452.5,0.0,0.0
429,home,0.0,0.0,0.0
429,public,4140.0,0.0,0.0
430,home,0.0,0.0,0.0
430,public,169898.0571030641,0.0,0.0
431,home,0.0,0.0,0.0
431,public,15300.0,0.0,0.0
432,home,2881.06838966327,0.0,0.0
432,public,70305.0,0.0,0.0
433,home,0.0,0.0,0.0
433,public,3620.0,0.0,0.0
434,home,0.0,0.0,0.0
434,public,40432.5,0.0,0.0
435,home,0.0,0.0,0.0
435,public,0.0,0.0,0.0
436,home,0.0,0.0,0.0
436,public,53145.0,0.0,0.0
437,home,0.0,0.0,0.0
437,public,1137.5000000000002,0.0,0.0
438,home,0.0,0.0,0.0
438,public,19305.0,0.0,0.0
439,home,0.0,0.0,0.0
439,public,2990.0,0.0,0.0
440,home,0.0,0.0,0.0
440,public,54512.77167201778,0.0,0.0
441,home,0.0,0.0,0.0
441,public,233786.97158524426,0.0,0.0
442,home,0.0,0.0,0.0
442,public,76052.5,0.0,0.0
443,home,0.0,0.0,0.0
443,public,120687.5,0.0,0.0
444,home,0.0,0.0,0.0
444,public,55780.0,0.0,0.0
445,home,0.0,0.0,0.0
445,public,578638.012575889,0.0,0.0
446,home,0.0,0.0,0.0
446,public,156042.5,0.0,0.0
447,home,0.0,0.0,0.0
447,public,30045.0,0.0,0.0
448,home,0.0,0.0,0.0
448,public,200757.5,0.0,0.0
449,home,100676.73705633433,0.0,0.0
449,public,131557.5,0.0,0.0
450,home,0.0,0.0,0.0
450,public,219585.0,0.0,0.0
451,home,32058.4347638949,0.0,0.0
451,public,194472.5,0.0,0.0
452,home,0.0,0.0,0.0
452,public,7302.5,0.0,0.0
453,home,0.0,0.0,0.0
453,public,0.0,0.0,0.0
454,home,0.0,0.0,0.0
454,public,12775.0,0.0,0.0
455,home,0.0,0.0,0.0
455,public,21322.5,0.0,0.0
456,home,0.0,0.0,0.0
456,public,28862.5,0.0,0.0
457,home,0.0,0.0,0.0
457,public,4990.0,0.0,0.0
458,home,0.0,0.0,0.0
458,public,246007.5,0.0,0.0
459,home,0.0,0.0,0.0
459,public,2295.0,0.0,0.0
460,home,103.57079109789703,0.0,0.0
460,public,259955.14401772525,0.0,0.0
461,home,0.0,0.0,0.0
461,public,238610.0,0.0,0.0
462,home,5189.808347939756,0.0,0.0
462,public,172375.0,0.0,0.0
463,home,0.0,0.0,0.0
463,public,151610.1546280277,0.0,0.0
464,home,0.0,0.0,0.0
464,public,33110.0,0.0,0.0
465,home,0.0,0.0,0.0
465,public,8910.0,0.0,0.0
466,home,0.0,0.0,0.0
466,public,45865.0,0.0,0.0
467,home,0.0,0.0,0.0
467,public,18162.5,0.0,0.0
468,home,0.0,0.0,0.0
468,public,548696.283260093,0.0,0.0
469,home,0.0,0.0,0.0
469,public,229575.0,0.0,0.0
470,home,572.8789745335547,0.0,0.0
470,public,605121.8771603297,0.0,0.0
471,home,0.0,0.0,0.0
471,public,40485.0,0.0,0.0
472,home,0.0,0.0,0.0
472,public,0.0,0.0,0.0
473,home,0.0,0.0,0.0
473,public,29877.5,0.0,0.0
474,home,0.0,0.0,0.0
474,public,44335.0,0.0,0.0
475,home,2026.7503431949046,0.0,0.0
475,public,117402.5,0.0,0.0
476,home,15591.108456354497,0.0,0.0
476,public,21742.5,0.0,0.0
477,home,0.0,0.0,0.0
477,public,0.0,0.0,0.0
478,home,0.0,0.0,0.0
478,public,0.0,0.0,0.0
479,home,0.0,0.0,0.0
479,public,32797.5,0.0,0.0
480,home,0.0,0.0,0.0
480,public,88267.5,0.0,0.0
481,home,0.0,0.0,0.0
481,public,20702.5,0.0,0.0
482,home,0.0,0.0,0.0
482,public,19552.5,0.0,0.0
483,home,0.0,0.0,0.0
483,public,140202.5,0.0,0.0
484,home,16772.329237044338,0.0,0.0
484,public,60615.0,0.0,0.0
485,home,0.0,0.0,0.0
485,public,38797.5,0.0,0.0
486,home,0.0,0.0,0.0
486,public,233632.5,0.0,0.0
487,home,0.0,0.0,0.0
487,public,0.0,0.0,0.0
488,home,0.0,0.0,0.0
488,public,0.0,0.0,0.0
489,home,0.0,0.0,0.0
489,public,4520.0,0.0,0.0
490,home,0.0,0.0,0.0
490,public,450.0,0.0,0.0
491,home,0.0,0.0,0.0
491,public,0.0,0.0,0.0
492,home,0.0,0.0,0.0
492,public,1820.0,0.0,0.0
493,home,0.0,0.0,0.0
493,public,18475.0,0.0,0.0
494,home,0.0,0.0,0.0
494,public,5227.5,0.0,0.0
495,home,0.0,0.0,0.0
495,public,3662.5,0.0,0.0
496,home,0.0,0.0,0.0
496,public,1592.5000000000002,0.0,0.0
497,home,0.0,0.0,0.0
497,public,29222.5,0.0,0.0
498,home,0.0,0.0,0.0
498,public,153582.5,0.0,0.0
499,home,18717.605293646484,0.0,0.0
499,public,293679.1382626349,0.0,0.0
500,home,15202.783266979857,0.0,0.0
500,public,314802.5,0.0,0.0
501,home,0.0,0.0,0.0
501,public,85195.0,0.0,0.0
502,home,0.0,0.0,0.0
502,public,14319.999999999998,0.0,0.0
503,home,0.0,0.0,0.0
503,public,4125.0,0.0,0.0
504,home,0.0,0.0,0.0
504,public,0.0,0.0,0.0
505,home,131.7266657243362,0.0,0.0
505,public,61830.0,0.0,0.0
506,home,3618.1537994664427,0.0,0.0
506,public,112524.31642304386,0.0,0.0
507,home,0.0,0.0,0.0
507,public,26956.054658840792,0.0,0.0
508,home,0.0,0.0,0.0
508,public,0.0,0.0,0.0
509,home,0.0,0.0,0.0
509,public,19390.0,0.0,0.0
510,home,0.0,0.0,0.0
510,public,0.0,0.0,0.0
511,home,0.0,0.0,0.0
511,public,0.0,0.0,0.0
512,home,0.0,0.0,0.0
512,public,98525.0,0.0,0.0
513,home,0.0,0.0,0.0
513,public,6862.5,0.0,0.0
514,home,20131.761753086637,0.0,0.0
514,public,32555.0,0.0,0.0
515,home,16231.806274241826,0.0,0.0
515,public,245277.57498226772,0.0,0.0
516,home,0.0,0.0,0.0
516,public,95865.0,0.0,0.0
517,home,0.0,0.0,0.0
517,public,0.0,0.0,0.0
518,home,0.0,0.0,0.0
518,public,21587.5,0.0,0.0
519,home,0.0,0.0,0.0
519,public,53950.0,0.0,0.0
520,home,0.0,0.0,0.0
520,public,4825.0,0.0,0.0
521,home,0.0,0.0,0.0
521,public,0.0,0.0,0.0
522,home,2945.0529398383896,0.0,0.0
522,public,29305.0,0.0,0.0
523,home,0.0,0.0,0.0
523,public,0.0,0.0,0.0
524,home,0.0,0.0,0.0
524,public,51145.0,0.0,0.0
525,home,0.0,0.0,0.0
525,public,0.0,0.0,0.0
526,home,0.0,0.0,0.0
526,public,0.0,0.0,0.0
527,home,0.0,0.0,0.0
527,public,22090.0,0.0,0.0
528,home,0.0,0.0,0.0
528,public,48070.0,0.0,0.0
529,home,0.0,0.0,0.0
529,public,0.0,0.0,0.0
530,home,0.0,0.0,0.0
530,public,65572.5,0.0,0.0
531,home,0.0,0.0,0.0
531,public,16147.5,0.0,0.0
532,home,0.0,0.0,0.0
532,public,0.0,0.0,0.0
533,home,2204.6580766698908,0.0,0.0
533,public,61975.0,0.0,0.0
534,home,0.0,0.0,0.0
534,public,12100.0,0.0,0.0
535,home,0.0,0.0,0.0
535,public,15302.5,0.0,0.0
536,home,0.0,0.0,0.0
536,public,33062.5,0.0,0.0
537,home,0.0,0.0,0.0
537,public,16375.0,0.0,0.0
538,home,0.0,0.0,0.0
538,public,0.0,0.0,0.0
539,home,15532.26068586186,0.0,0.0
539,public,41952.5,0.0,0.0
540,home,1100.6222177906438,0.0,0.0
540,public,98817.5,0.0,0.0
541,home,0.0,0.0,0.0
541,public,42717.5,0.0,0.0
542,home,0.0,0.0,0.0
542,public,46095.0,0.0,0.0
543,home,0.0,0.0,0.0
543,public,22357.5,0.0,0.0
544,home,0.0,0.0,0.0
544,public,0.0,0.0,0.0
545,home,0.0,0.0,0.0
545,public,0.0,0.0,0.0
546,home,0.0,0.0,0.0
546,public,38115.0,0.0,0.0
547,home,0.0,0.0,0.0
547,public,0.0,0.0,0.0
548,home,0.0,0.0,0.0
548,public,158260.0,0.0,0.0
549,home,0.0,0.0,0.0
549,public,379137.5,0.0,0.0
550,home,0.0,0.0,0.0
550,public,91497.5,0.0,0.0
551,home,0.0,0.0,0.0
551,public,26017.499999999996,0.0,0.0
552,home,0.0,0.0,0.0
552,public,60230.0,0.0,0.0
553,home,0.0,0.0,0.0
553,public,107025.0,0.0,0.0
554,home,0.0,0.0,0.0
554,public,13562.5,0.0,0.0
555,home,0.0,0.0,0.0
555,public,71770.74321673036,0.0,0.0
556,home,0.0,0.0,0.0
556,public,19807.5,0.0,0.0
557,home,15693.816484053872,0.0,0.0
557,public,78120.0,0.0,0.0
558,home,44044.6592582522,0.0,0.0
558,public,47687.5,0.0,0.0
559,home,0.0,0.0,0.0
559,public,690.0,0.0,0.0
560,home,0.0,0.0,0.0
560,public,22112.5,0.0,0.0
561,home,0.0,0.0,0.0
561,public,0.0,0.0,0.0
562,home,0.0,0.0,0.0
562,public,0.0,0.0,0.0
563,home,122806.97632017094,0.0,0.0
563,public,35822.5,0.0,0.0
564,home,0.0,0.0,0.0
564,public,0.0,0.0,0.0
565,home,0.0,0.0,0.0
565,public,30087.5,0.0,0.0
566,home,20636.421474452116,0.0,0.0
566,public,210982.5,0.0,0.0
567,home,3771.3798345790246,0.0,0.0
567,public,130867.5,0.0,0.0
568,home,22658.525574848743,0.0,0.0
568,public,248677.5,0.0,0.0
569,home,619274.175161838,0.0,0.0
569,public,217131.07197706564,0.0,0.0
570,home,75262.55267781751,0.0,0.0
570,public,95996.53285006424,0.0,0.0
571,home,60472.549303975786,0.0,0.0
571,public,93392.5,0.0,0.0
572,home,174.75312834527273,0.0,0.0
572,public,0.0,0.0,0.0
573,home,0.0,0.0,0.0
573,public,23162.5,0.0,0.0
574,home,271935.65883816447,0.0,0.0
574,public,143365.49059525176,0.0,0.0
575,home,67183.03987991172,0.0,0.0
575,public,36820.0,0.0,0.0
576,home,0.0,0.0,0.0
576,public,0.0,0.0,0.0
577,home,446264.42195116373,0.0,0.0
577,public,518890.0,0.0,0.0
578,home,64783.80753041171,0.0,0.0
578,public,204865.0,0.0,0.0
579,home,0.0,0.0,0.0
579,public,177770.0,0.0,0.0
580,home,60173.93720784953,0.0,0.0
580,public,53557.5,0.0,0.0
581,home,0.0,0.0,0.0
581,public,0.0,0.0,0.0
582,home,0.0,0.0,0.0
582,public,9545.0,0.0,0.0
583,home,7099.390632624053,0.0,0.0
583,public,14887.5,0.0,0.0
584,home,47894.0153423084,0.0,0.0
584,public,173915.0,0.0,0.0
585,home,91383.0206322839,0.0,0.0
585,public,455.0,0.0,0.0
586,home,258901.09595329425,0.0,0.0
586,public,312902.9715090197,0.0,0.0
